original_path,original_lines,current_owner,decision,current_lines,direct_app_consumers,runtime_imports
app/lib/account-country.ts,116,app/lib/account-country.ts,retained; static dependency scan,116,,
app/lib/active-pet.ts,13,app/lib/active-pet.ts,retained; static dependency scan,13,app/ask/page.tsx;app/lib/pet-delete-client-state.ts;app/lib/sign-out.ts;app/onboarding/page.tsx;app/today/page.tsx,
app/lib/add-pet-validation.ts,18,app/lib/pet-profile-editing.ts,consolidated,108,app/dogs/[id]/edit/page.tsx;app/lib/pet-profile-api-server.ts;app/onboarding/page.tsx,app/lib/petwise;app/lib/petwise.ts
app/lib/ai/ask-admission-settlement.ts,44,app/lib/ai/ask-admission-settlement.ts,retained; static dependency scan,44,app/api/ask/route.ts,
app/lib/ai/ask-answer-economy.ts,556,app/lib/ai/ask-answer-economy.ts,retained; static dependency scan,556,app/lib/ai/ask-orchestrator.ts;app/lib/ai/ask-reasoning.ts;app/lib/intelligence/validation/validate-answer.ts,app/lib/ai/text-segmentation.ts
app/lib/ai/ask-command-router.ts,94,app/lib/ai/ask-command-router.ts,retained; static dependency scan,94,app/api/ask/route.ts,app/lib/furvise-output.ts
app/lib/ai/ask-error-diagnostic.ts,10,app/lib/ai/ask-error-diagnostic.ts,retained; static dependency scan,10,app/api/ask/route.ts,
app/lib/ai/ask-internal-product-policy.ts,63,app/lib/ai/ask-internal-product-policy.ts,retained; static dependency scan,63,app/api/ask/route.ts;app/lib/intelligence/validation/validate-answer.ts,
app/lib/ai/ask-orchestrator.ts,170,app/lib/ai/ask-orchestrator.ts,retained; static dependency scan,170,app/api/ask/route.ts;app/lib/ai/ask-command-router.ts,app/lib/ai/ask-answer-economy.ts;app/lib/ai/concern-engine.ts;app/lib/ai/recovery-subject.ts;app/lib/ai/response-planner.ts;app/lib/ai/turn-classifier.ts;app/lib/intelligence/care-history-policy.ts
app/lib/ai/ask-provider.ts,127,app/lib/ai/ask-provider.ts,retained; static dependency scan,127,app/lib/ai/ask-reasoning.ts;app/lib/ai/usage-guard/features.ts;app/lib/intelligence/interpret-ask.ts;app/lib/intelligence/review-history-narrative.ts;app/lib/intelligence/semantic-frame/extract-turn-subject.ts,
app/lib/ai/ask-reasoning.ts,1585,app/lib/ai/ask-reasoning.ts,retained; static dependency scan,1585,app/api/ask/route.ts;app/api/vet-briefs/draft/route.ts;app/lib/ai/ask-orchestrator.ts;app/lib/intelligence/ask-evidence.ts;app/lib/intelligence/history-review-state.ts;app/lib/intelligence/interpret-ask.ts;app/lib/intelligence/review-history-narrative.ts;app/lib/intelligence/run-feature-intelligence.ts;app/lib/intelligence/run-intelligence.ts;app/lib/intelligence/semantic-frame/extract-turn-subject.ts;app/lib/intelligence/semantic-observability.ts;app/lib/intelligence/validation/validate-answer.ts,app/lib/ai/ask-answer-economy.ts;app/lib/ai/ask-provider.ts;app/lib/ai/config.ts;app/lib/ai/conversation-intent.ts;app/lib/ai/execution-deadline.ts;app/lib/ai/history-source-transport.ts;app/lib/ai/pet-loss.ts;app/lib/ai/safety-temporal-scope.ts;app/lib/ai/usage-guard/cost-estimator.ts;app/lib/ai/usage-guard/errors.ts;app/lib/ai/usage-guard/features.ts;app/lib/ai/usage-guard/provider-call-budget.ts;app/lib/application-actions/index.ts;app/lib/ask-safety-context.ts;app/lib/furvise-output.ts;app/lib/furvise-voice.ts;app/lib/intelligence/ask-evidence.ts;app/lib/intelligence/evidence-need-coverage.ts;app/lib/intelligence/historical-read-response.ts;app/lib/intelligence/history-narrative.ts;app/lib/intelligence/read-projection.ts;app/lib/intelligence/recovery-governance.ts;app/lib/intelligence/request-reference-context.ts;app/lib/intelligence/schemas.ts;app/lib/intelligence/semantic-frame/extract-frame.ts;app/lib/intelligence/semantic-frame/recover-owner-preference.ts;app/lib/intelligence/semantic-frame/schema.ts
app/lib/ai/ask-turn-model.ts,210,app/lib/ai/ask-turn-model.ts,retained; static dependency scan,210,app/api/ask/route.ts,
app/lib/ai/concern-engine.ts,283,app/lib/ai/concern-engine.ts,retained; static dependency scan,283,app/api/ask/route.ts;app/lib/ai/ask-orchestrator.ts;app/lib/ai/ask-reasoning.ts;app/lib/ai/context-builder.ts;app/lib/ai/response-planner.ts;app/lib/intelligence/concern-chronology.ts;app/lib/intelligence/memory-policy.ts;app/lib/intelligence/persist-pending-suggestion.ts;app/lib/intelligence/run-intelligence.ts;app/lib/intelligence/safety-state.ts;app/lib/intelligence/semantic-events.ts;app/lib/intelligence/types.ts;app/lib/supabase.ts,app/lib/ai/concern-event-order.ts;app/lib/ai/concern-symptoms.ts;app/lib/ai/owner-assertion.ts;app/lib/ai/recovery-subject.ts;app/lib/ai/turn-classifier.ts;app/lib/intelligence/care-history-policy.ts
app/lib/ai/concern-event-order.ts,112,app/lib/ai/concern-event-order.ts,retained; static dependency scan,112,app/lib/ai/concern-engine.ts;app/lib/ai/turn-classifier.ts,
app/lib/ai/concern-symptoms.ts,31,app/lib/ai/concern-symptoms.ts,retained; static dependency scan,31,app/lib/ai/concern-engine.ts;app/lib/ai/turn-classifier.ts;app/lib/intelligence/care-history-policy.ts;app/lib/intelligence/recorded-provenance.ts,
app/lib/ai/config.ts,28,app/lib/ai/config.ts,retained; static dependency scan,28,app/lib/ai/ask-reasoning.ts;app/lib/ai/usage-guard/admission.ts;app/lib/ai/usage-guard/features.ts,
app/lib/ai/context-builder.ts,79,app/lib/ai/context-builder.ts,retained; static dependency scan,79,app/lib/intelligence/retrieve-context.ts,app/lib/intelligence/memory-integrity.ts
app/lib/ai/conversation-intent.ts,40,app/lib/ai/conversation-intent.ts,retained; static dependency scan,40,app/lib/ai/ask-reasoning.ts,
app/lib/ai/history-source-transport.ts,22,app/lib/ai/history-source-transport.ts,retained; static dependency scan,22,app/lib/ai/ask-reasoning.ts,
app/lib/ai/operation-deadline.ts,29,app/lib/ai/execution-deadline.ts,consolidated,50,app/lib/ai/ask-reasoning.ts;app/lib/ai/usage-guard/admission.ts;app/lib/ai/usage-guard/provider-call-budget.ts;app/lib/intelligence/interpret-ask.ts;app/lib/intelligence/review-history-narrative.ts,
app/lib/ai/owner-assertion.ts,234,app/lib/ai/owner-assertion.ts,retained; static dependency scan,234,app/lib/ai/concern-engine.ts;app/lib/ai/pet-loss.ts;app/lib/ai/recovery-subject.ts;app/lib/ai/safety-temporal-scope.ts;app/lib/ai/turn-classifier.ts;app/lib/intelligence/ask-evidence.ts;app/lib/intelligence/care-history-policy.ts;app/lib/intelligence/conversation-read-anchor.ts;app/lib/intelligence/episode-history.ts;app/lib/intelligence/history-retrieval.ts;app/lib/intelligence/history-synthesis.ts;app/lib/intelligence/interpret-ask.ts;app/lib/intelligence/memory-policy.ts;app/lib/intelligence/recorded-provenance.ts;app/lib/intelligence/semantic-events.ts;app/lib/intelligence/v2/governance/govern-turn.ts,app/lib/ai/text-segmentation.ts
app/lib/ai/pending-lifecycle.ts,176,app/lib/ai/pending-lifecycle.ts,retained; static dependency scan,176,app/api/ask/route.ts;app/lib/ai/pet-loss.ts,app/lib/ai/turn-classifier.ts
app/lib/ai/pet-loss.ts,244,app/lib/ai/pet-loss.ts,retained; static dependency scan,244,app/api/ask/route.ts;app/lib/ai/ask-reasoning.ts;app/lib/application-actions/executor.ts;app/lib/application-actions/planner.ts;app/lib/intelligence/run-intelligence.ts,app/lib/ai/owner-assertion.ts;app/lib/ai/pending-lifecycle.ts
app/lib/ai/provider-deadline.ts,18,app/lib/ai/execution-deadline.ts,consolidated,50,app/lib/ai/ask-reasoning.ts;app/lib/ai/usage-guard/admission.ts;app/lib/ai/usage-guard/provider-call-budget.ts;app/lib/intelligence/interpret-ask.ts;app/lib/intelligence/review-history-narrative.ts,
app/lib/ai/recovery-subject.ts,47,app/lib/ai/recovery-subject.ts,retained; static dependency scan,47,app/lib/ai/ask-orchestrator.ts;app/lib/ai/concern-engine.ts;app/lib/intelligence/care-history-policy.ts;app/lib/intelligence/memory-policy.ts;app/lib/intelligence/recorded-provenance.ts;app/lib/intelligence/semantic-events.ts,app/lib/ai/owner-assertion.ts;app/lib/intelligence/entities/recent-subject-state.ts;app/lib/intelligence/semantic-frame/ground-evidence.ts
app/lib/ai/response-planner.ts,44,app/lib/ai/response-planner.ts,retained; static dependency scan,44,app/lib/ai/ask-orchestrator.ts,
app/lib/ai/safety-temporal-scope.ts,15,app/lib/ai/safety-temporal-scope.ts,retained; static dependency scan,15,app/lib/ai/ask-reasoning.ts;app/lib/ai/turn-classifier.ts;app/lib/ask-safety-context.ts;app/lib/intelligence/run-intelligence.ts;app/lib/intelligence/safety-state.ts;app/lib/intelligence/validation/validate-answer.ts,app/lib/ai/owner-assertion.ts
app/lib/ai/text-segmentation.ts,72,app/lib/ai/text-segmentation.ts,retained; static dependency scan,72,app/lib/ai/ask-answer-economy.ts;app/lib/ai/owner-assertion.ts;app/lib/application-actions/state-claims.ts;app/lib/ask-publication.ts;app/lib/intelligence/ask-evidence.ts;app/lib/intelligence/history-synthesis.ts;app/lib/intelligence/review-history-narrative.ts,
app/lib/ai/turn-classifier.ts,225,app/lib/ai/turn-classifier.ts,retained; static dependency scan,225,app/lib/ai/ask-orchestrator.ts;app/lib/ai/ask-reasoning.ts;app/lib/ai/concern-engine.ts;app/lib/ai/concern-event-order.ts;app/lib/ai/pending-lifecycle.ts;app/lib/ai/response-planner.ts;app/lib/intelligence/classify-message.ts;app/lib/intelligence/memory-policy.ts;app/lib/intelligence/safety-state.ts,app/lib/ai/concern-event-order.ts;app/lib/ai/concern-symptoms.ts;app/lib/ai/owner-assertion.ts;app/lib/ai/safety-temporal-scope.ts;app/lib/ask-experience.ts
app/lib/ai/usage-guard/admission.ts,218,app/lib/ai/usage-guard/admission.ts,retained; static dependency scan,218,app/api/ask/route.ts;app/api/vet-briefs/draft/route.ts;app/lib/ai/ask-admission-settlement.ts;app/lib/ai/usage-guard/context.ts,app/lib/ai/config.ts;app/lib/ai/execution-deadline.ts;app/lib/ai/usage-guard/config.ts;app/lib/ai/usage-guard/context.ts;app/lib/ai/usage-guard/cost-estimator.ts;app/lib/ai/usage-guard/daily-usage-store.ts;app/lib/ai/usage-guard/errors.ts;app/lib/ai/usage-guard/features.ts;app/lib/ai/usage-guard/logging.ts;app/lib/ai/usage-guard/operation-identity.ts;app/lib/ai/usage-guard/types.ts;app/lib/security/rate-limit/config.ts;app/lib/security/rate-limit/keys.ts
app/lib/ai/usage-guard/classification.ts,10,app/lib/ai/usage-guard/classification.ts,retained; static dependency scan,10,app/lib/ai/usage-guard/logging.ts,
app/lib/ai/usage-guard/config.ts,36,app/lib/ai/usage-guard/config.ts,retained; static dependency scan,36,app/lib/ai/usage-guard/admission.ts;app/lib/intelligence/run-feature-intelligence.ts;app/lib/intelligence/run-intelligence.ts,app/lib/ai/usage-guard/features.ts
app/lib/ai/usage-guard/context.ts,14,app/lib/ai/usage-guard/context.ts,retained; static dependency scan,14,app/lib/ai/usage-guard/admission.ts;app/lib/ai/usage-guard/provider-call-budget.ts;app/lib/ai/usage-ledger.ts,
app/lib/ai/usage-guard/cost-estimator.ts,31,app/lib/ai/usage-guard/cost-estimator.ts,retained; static dependency scan,31,app/lib/ai/ask-reasoning.ts;app/lib/ai/usage-guard/admission.ts,
app/lib/ai/usage-guard/daily-usage-store.ts,125,app/lib/ai/usage-guard/daily-usage-store.ts,retained; static dependency scan,125,app/lib/ai/usage-guard/admission.ts,app/lib/security/rate-limit/config.ts
app/lib/ai/usage-guard/errors.ts,23,app/lib/ai/usage-guard/errors.ts,retained; static dependency scan,23,app/api/ask/route.ts;app/api/vet-briefs/draft/route.ts;app/lib/ai/ask-reasoning.ts;app/lib/ai/usage-guard/admission.ts;app/lib/ai/usage-guard/provider-call-budget.ts;app/lib/intelligence/interpret-ask.ts,app/lib/security/private-routes.ts
app/lib/ai/usage-guard/features.ts,22,app/lib/ai/usage-guard/features.ts,retained; static dependency scan,22,app/lib/ai/ask-reasoning.ts;app/lib/ai/usage-guard/admission.ts;app/lib/ai/usage-guard/config.ts,app/lib/ai/ask-provider.ts;app/lib/ai/config.ts
app/lib/ai/usage-guard/logging.ts,20,app/lib/ai/usage-guard/logging.ts,retained; static dependency scan,20,app/lib/ai/usage-guard/admission.ts,app/lib/ai/usage-guard/classification.ts;app/lib/operations/events/index.ts
app/lib/ai/usage-guard/memory-test-store.ts,45,app/lib/ai/usage-guard/memory-test-store.ts,retained; static dependency scan,45,,
app/lib/ai/usage-guard/metrics.ts,3,app/lib/ai/usage-guard/types.ts,consolidated,53,app/lib/ai/usage-guard/admission.ts;app/lib/ai/usage-guard/config.ts;app/lib/ai/usage-guard/cost-estimator.ts;app/lib/ai/usage-guard/daily-usage-store.ts;app/lib/ai/usage-guard/features.ts;app/lib/ai/usage-guard/logging.ts;app/lib/ai/usage-guard/memory-test-store.ts,
app/lib/ai/usage-guard/operation-identity.ts,11,app/lib/ai/usage-guard/operation-identity.ts,retained; static dependency scan,11,app/lib/ai/usage-guard/admission.ts,
app/lib/ai/usage-guard/provider-call-budget.ts,53,app/lib/ai/usage-guard/provider-call-budget.ts,retained; static dependency scan,53,app/lib/ai/ask-reasoning.ts;app/lib/intelligence/interpret-ask.ts;app/lib/intelligence/review-history-narrative.ts;app/lib/intelligence/semantic-frame/extract-turn-subject.ts,app/lib/ai/usage-guard/context.ts;app/lib/ai/usage-guard/errors.ts
app/lib/ai/usage-guard/types.ts,49,app/lib/ai/usage-guard/types.ts,consolidated,53,app/lib/ai/usage-guard/admission.ts;app/lib/ai/usage-guard/config.ts;app/lib/ai/usage-guard/cost-estimator.ts;app/lib/ai/usage-guard/daily-usage-store.ts;app/lib/ai/usage-guard/features.ts;app/lib/ai/usage-guard/logging.ts;app/lib/ai/usage-guard/memory-test-store.ts,
app/lib/ai/usage-ledger-admin.ts,12,app/lib/ai/usage-ledger-admin.ts,retained; static dependency scan,12,,
app/lib/ai/usage-ledger.ts,645,app/lib/ai/usage-ledger.ts,retained; static dependency scan,645,app/api/account/entitlements/route.ts;app/api/ask/route.ts;app/api/vet-briefs/draft/route.ts;app/components/ask-usage-notice.tsx,app/lib/ai/usage-guard/context.ts;app/lib/billing/launch-plans.ts;app/lib/billing/plan-limits.ts
app/lib/answer-integrity.ts,21,app/lib/answer-integrity.ts,retained; static dependency scan,21,app/lib/intelligence/inspect-ask-publication.ts,
app/lib/application-actions/capabilities.ts,233,app/lib/application-actions/capabilities.ts,retained; static dependency scan,233,app/api/ask/actions/[messageId]/route.ts;app/api/ask/route.ts,app/lib/application-actions/contracts.ts;app/lib/application-actions/planner.ts;app/lib/application-actions/policy.ts;app/lib/security/idempotency/admin-client.ts
app/lib/application-actions/contracts.ts,100,app/lib/application-actions/contracts.ts,retained; static dependency scan,100,app/lib/application-actions/capabilities.ts;app/lib/application-actions/index.ts;app/lib/intelligence/retrieve-context.ts,app/lib/application-actions/types.ts
app/lib/application-actions/executor.ts,298,app/lib/application-actions/executor.ts,retained; static dependency scan,298,app/lib/application-actions/index.ts,app/lib/ai/pet-loss.ts;app/lib/application-actions/memory-scopes.ts;app/lib/application-actions/policy.ts;app/lib/intelligence/memory-integrity.ts
app/lib/application-actions/index.ts,7,app/lib/application-actions/index.ts,retained; static dependency scan,7,app/api/ask/route.ts;app/lib/ai/ask-reasoning.ts,app/lib/application-actions/contracts.ts;app/lib/application-actions/executor.ts;app/lib/application-actions/memory-scopes.ts;app/lib/application-actions/planner.ts;app/lib/application-actions/policy.ts;app/lib/application-actions/state-claims.ts;app/lib/application-actions/types.ts
app/lib/application-actions/memory-scopes.ts,33,app/lib/application-actions/memory-scopes.ts,retained; static dependency scan,33,app/lib/application-actions/executor.ts;app/lib/application-actions/index.ts;app/lib/application-actions/planner.ts;app/lib/intelligence/memory-policy.ts,
app/lib/application-actions/planner.ts,243,app/lib/application-actions/planner.ts,retained; static dependency scan,243,app/lib/application-actions/capabilities.ts;app/lib/application-actions/index.ts,app/lib/ai/pet-loss.ts;app/lib/application-actions/memory-scopes.ts;app/lib/application-actions/policy.ts
app/lib/application-actions/policy.ts,53,app/lib/application-actions/policy.ts,retained; static dependency scan,53,app/lib/application-actions/capabilities.ts;app/lib/application-actions/executor.ts;app/lib/application-actions/index.ts;app/lib/application-actions/planner.ts;app/lib/ask-conversation-server.ts,
app/lib/application-actions/state-claims.ts,141,app/lib/application-actions/state-claims.ts,retained; static dependency scan,141,app/lib/application-actions/index.ts;app/lib/ask-publication.ts;app/lib/intelligence/validation/validate-answer.ts,app/lib/ai/text-segmentation.ts;app/lib/furvise-output.ts
app/lib/application-actions/types.ts,82,app/lib/application-actions/types.ts,retained; static dependency scan,82,app/ask/page.tsx;app/lib/ai/ask-command-router.ts;app/lib/ai/pending-lifecycle.ts;app/lib/ai/pet-loss.ts;app/lib/application-actions/capabilities.ts;app/lib/application-actions/contracts.ts;app/lib/application-actions/executor.ts;app/lib/application-actions/index.ts;app/lib/application-actions/planner.ts;app/lib/application-actions/policy.ts;app/lib/ask-conversation-server.ts;app/lib/ask.mjs,
app/lib/ask-analytics.ts,40,app/lib/ask-analytics.ts,retained; static dependency scan,40,app/ask/page.tsx;app/vet-brief/page.tsx,
app/lib/ask-care-history-state.ts,15,app/lib/ask-care-history-state.ts,retained; static dependency scan,15,app/ask/page.tsx,
app/lib/ask-conversation-authority.ts,174,app/lib/ask-conversation-authority.ts,retained; static dependency scan,174,app/api/ask/conversations/[id]/messages/route.ts;app/api/ask/conversations/[id]/route.ts;app/api/ask/conversations/route.ts;app/api/ask/route.ts,
app/lib/ask-conversation-server.ts,216,app/lib/ask-conversation-server.ts,retained; static dependency scan,216,app/api/ask/conversations/[id]/messages/route.ts;app/api/ask/conversations/[id]/route.ts;app/api/ask/conversations/route.ts;app/lib/intelligence/inspect-ask-publication.ts;app/lib/intelligence/retrieve-context.ts,app/lib/application-actions/policy.ts;app/lib/application-actions/types.ts;app/lib/ask-conversations.ts;app/lib/ask-publication.ts;app/lib/intelligence/care-authority-client.ts;app/lib/security/headers/origin-policy.ts;app/lib/security/idempotency/admin-client.ts
app/lib/ask-conversations.ts,149,app/lib/ask-conversations.ts,retained; static dependency scan,149,app/api/ask/conversations/route.ts;app/api/ask/route.ts;app/ask/page.tsx;app/lib/ask-conversation-server.ts;app/lib/sign-out.ts,
app/lib/ask-draft.ts,29,app/lib/ask-draft.ts,retained; static dependency scan,29,app/ask/page.tsx;app/lib/pet-delete-client-state.ts,
app/lib/ask-experience.ts,69,app/lib/ask-experience.ts,retained; static dependency scan,69,app/ask/page.tsx;app/lib/ai/turn-classifier.ts,
app/lib/ask-onboarding-entry.ts,34,app/lib/ask-onboarding-entry.ts,retained; static dependency scan,34,app/ask/page.tsx,
app/lib/ask-pet-selection.ts,35,app/lib/ask-pet-selection.ts,retained; static dependency scan,35,app/ask/page.tsx,
app/lib/ask-profile-read.ts,74,app/lib/ask-profile-read.ts,retained; static dependency scan,74,app/api/ask/route.ts,
app/lib/ask-publication.ts,29,app/lib/ask-publication.ts,retained; static dependency scan,29,app/lib/ask-conversation-server.ts;app/lib/intelligence/review-history-narrative.ts,app/lib/ai/text-segmentation.ts;app/lib/application-actions/state-claims.ts;app/lib/ask.mjs;app/lib/furvise-output.ts
app/lib/ask-request-contract.ts,31,app/lib/ask-request-contract.ts,retained; static dependency scan,31,app/api/ask/route.ts;app/ask/page.tsx,
app/lib/ask-safety-context.ts,600,app/lib/ask-safety-context.ts,retained; static dependency scan,600,app/api/ask/route.ts;app/lib/ai/ask-reasoning.ts;app/lib/intelligence/run-intelligence.ts;app/lib/intelligence/safety-state.ts;app/lib/intelligence/validation/validate-answer.ts,app/lib/ai/safety-temporal-scope.ts
app/lib/ask-session-request.ts,42,app/lib/ask-session-request.ts,retained; static dependency scan,42,app/ask/page.tsx,
app/lib/ask.mjs,785,app/lib/ask.mjs,retained; static dependency scan,785,app/api/ask/conversations/[id]/messages/route.ts;app/api/ask/conversations/route.ts;app/api/ask/route.ts;app/ask/page.tsx;app/lib/ask-publication.ts;app/lib/intelligence/ask-evidence-presentation.ts;app/lib/intelligence/inspect-ask-publication.ts,app/lib/application-actions/types.ts;app/lib/furvise-output.ts
app/lib/auth-email-otp.ts,15,app/lib/auth-email-otp.ts,retained; static dependency scan,15,app/api/auth/verify-email-otp/route.ts;app/login/page.tsx,
app/lib/auth-identity.ts,56,app/lib/auth-identity.ts,retained; static dependency scan,56,app/api/auth/login/route.ts;app/api/auth/oauth/route.ts;app/api/auth/signup/route.ts;app/api/auth/verify-email-otp/route.ts;app/auth/callback/route.ts;app/forgot-password/page.tsx;app/lib/password-capability.ts;app/login/page.tsx;app/settings/security/page.tsx,app/lib/auth-routing.ts
app/lib/auth-routing.ts,40,app/lib/auth-routing.ts,retained; static dependency scan,40,app/api/auth/oauth/route.ts;app/components/app-header.tsx;app/components/care-log-workspace.tsx;app/components/homepage-client.tsx;app/lib/auth-identity.ts;app/lib/auth-session.ts;app/login/page.tsx;app/onboarding/page.tsx;app/pets/page.tsx;app/today/page.tsx,
app/lib/auth-session.ts,109,app/lib/auth-session.ts,retained; static dependency scan,109,app/account/page.tsx;app/ask/page.tsx;app/components/care-log-workspace.tsx;app/components/history-archive.tsx;app/components/homepage-client.tsx;app/components/legal-page-shell.tsx;app/dogs/[id]/edit/page.tsx;app/dogs/[id]/feedback/page.tsx;app/dogs/[id]/memories/page.tsx;app/login/page.tsx;app/membership/page.tsx;app/onboarding/page.tsx;app/pets/[id]/page.tsx;app/pets/page.tsx;app/settings/data-privacy/page.tsx;app/settings/security/page.tsx;app/shop/page.tsx;app/today/page.tsx;app/vet-brief/page.tsx;app/vet-briefs/[id]/print/page.tsx,app/lib/auth-routing.ts;app/lib/supabase.ts;app/lib/vet-brief/client-drafts.ts
app/lib/authenticated-api-core.ts,39,app/lib/authenticated-api-core.ts,retained; static dependency scan,39,app/lib/authenticated-api-server.ts,
app/lib/authenticated-api-server.ts,25,app/lib/authenticated-api-server.ts,retained; static dependency scan,25,app/api/account/delete/route.ts;app/api/account/entitlements/route.ts;app/api/account/export/route.ts;app/api/account/product-country/route.ts;app/api/ask/actions/[messageId]/route.ts;app/api/billing/checkout/route.ts;app/api/billing/portal/route.ts;app/api/care-entries/[id]/route.ts;app/api/care-entries/route.ts;app/api/legacy-memories/route.ts;app/api/pets/[id]/route.ts;app/api/product-feedback/route.ts;app/lib/pet-profile-api-server.ts,app/lib/authenticated-api-core.ts;app/lib/security/headers/origin-policy.ts;app/lib/supabase/server.ts
app/lib/billing/account-deletion.ts,139,app/lib/billing/account-deletion.ts,retained; static dependency scan,139,app/api/account/delete/route.ts,app/lib/billing/stripe-projection.ts
app/lib/billing/billing-admin.ts,226,app/lib/billing/billing-admin.ts,retained; static dependency scan,226,app/api/account/delete/route.ts;app/api/account/entitlements/route.ts;app/api/billing/checkout/route.ts;app/api/billing/portal/route.ts;app/api/billing/webhook/route.ts;app/lib/billing/account-deletion.ts,
app/lib/billing/billing-market.ts,25,app/lib/billing/billing-market.ts,retained; static dependency scan,25,app/api/account/entitlements/route.ts;app/api/billing/checkout/route.ts,app/lib/billing/billing-presentation.ts
app/lib/billing/billing-presentation.ts,36,app/lib/billing/billing-presentation.ts,retained; static dependency scan,36,app/lib/billing/billing-market.ts;app/membership/page.tsx,
app/lib/billing/entitlement-types.ts,65,app/lib/billing/entitlement-types.ts,retained; static dependency scan,65,app/lib/billing/entitlements.ts;app/membership/page.tsx,
app/lib/billing/entitlements.ts,25,app/lib/billing/entitlements.ts,retained; static dependency scan,25,app/api/account/entitlements/route.ts;app/api/ask/route.ts;app/api/billing/checkout/route.ts;app/lib/vet-brief/server.ts,app/lib/billing/entitlement-types.ts
app/lib/billing/launch-plans.ts,69,app/lib/billing/launch-plans.ts,retained; static dependency scan,69,app/api/account/entitlements/route.ts;app/api/billing/checkout/route.ts;app/lib/ai/usage-ledger.ts;app/lib/billing/stripe-projection.ts;app/membership/page.tsx,app/lib/billing/plan-limits.ts
app/lib/billing/plan-limits.ts,188,app/lib/billing/plan-limits.ts,retained; static dependency scan,188,app/api/ask/route.ts;app/lib/ai/usage-ledger.ts;app/lib/billing/entitlement-types.ts;app/lib/billing/launch-plans.ts;app/lib/intelligence/history-access.ts;app/lib/pet-limit.ts;app/lib/vet-brief/server.ts;app/membership/page.tsx;app/terms/page.tsx,app/lib/furvise-output.ts
app/lib/billing/stripe-projection.ts,126,app/lib/billing/stripe-projection.ts,retained; static dependency scan,126,app/api/billing/webhook/route.ts;app/lib/billing/account-deletion.ts;app/lib/billing/billing-admin.ts,app/lib/billing/launch-plans.ts
app/lib/billing/stripe-server.ts,18,app/lib/billing/stripe-server.ts,retained; static dependency scan,18,app/api/account/delete/route.ts;app/api/billing/checkout/route.ts;app/api/billing/portal/route.ts;app/api/billing/webhook/route.ts,
app/lib/care-entry-api-server.ts,27,app/lib/care-entry-api-server.ts,retained; static dependency scan,27,app/api/care-entries/[id]/route.ts;app/api/care-entries/route.ts,app/lib/care-log.mjs;app/lib/security/request.ts
app/lib/care-log.mjs,342,app/lib/care-log.mjs,retained; static dependency scan,342,app/api/care-entries/[id]/route.ts;app/api/care-entries/route.ts;app/ask/page.tsx;app/components/care-entry-form.tsx;app/components/care-entry-metadata.tsx;app/components/care-log-workspace.tsx;app/components/care-timeline.tsx;app/components/history-archive.tsx;app/lib/care-entry-api-server.ts;app/lib/history-archive.ts;app/lib/supabase.ts;app/today/page.tsx,
app/lib/edit-pet-profile.ts,45,app/lib/pet-profile-editing.ts,consolidated,108,app/dogs/[id]/edit/page.tsx;app/lib/pet-profile-api-server.ts;app/onboarding/page.tsx,app/lib/petwise;app/lib/petwise.ts
app/lib/effective-history.ts,48,app/lib/effective-history.ts,retained; static dependency scan,48,app/lib/supabase.ts,app/lib/intelligence/preference-semantics.ts
app/lib/furvise-output.ts,432,app/lib/furvise-output.ts,consolidated,435,app/api/ask/route.ts;app/ask/page.tsx;app/components/ask-answer-text.tsx;app/lib/ai/ask-command-router.ts;app/lib/ai/ask-reasoning.ts;app/lib/application-actions/state-claims.ts;app/lib/ask-publication.ts;app/lib/ask.mjs;app/lib/billing/plan-limits.ts;app/lib/furvise-voice.ts;app/lib/intelligence/historical-read-response.ts;app/lib/intelligence/history-narrative-facts.ts;app/lib/intelligence/history-narrative.ts;app/lib/intelligence/review-history-narrative.ts;app/lib/intelligence/structured-history-json.ts;app/lib/intelligence/validation/validate-answer.ts;app/lib/pet-memory.ts,
app/lib/furvise-voice.ts,82,app/lib/furvise-voice.ts,retained; static dependency scan,82,app/lib/ai/ask-reasoning.ts;app/lib/intelligence/historical-read-response.ts;app/lib/intelligence/review-history-narrative.ts;app/lib/intelligence/run-feature-intelligence.ts,app/lib/furvise-output.ts
app/lib/google-auth-client.ts,10,app/lib/google-auth-client.ts,retained; static dependency scan,10,app/login/page.tsx,
app/lib/history-archive.ts,30,app/lib/history-archive.ts,retained; static dependency scan,30,app/components/history-archive.tsx;app/lib/supabase.ts,app/lib/care-log.mjs
app/lib/intelligence/answer-assessment.ts,35,app/lib/intelligence/answer-assessment.ts,retained; static dependency scan,35,app/lib/intelligence/validation/validate-answer.ts,
app/lib/intelligence/ask-evidence-presentation.ts,26,app/lib/intelligence/ask-evidence-presentation.ts,retained; static dependency scan,26,app/lib/intelligence/generate-ask-history.ts;app/lib/intelligence/inspect-ask-publication.ts,app/lib/ask.mjs
app/lib/intelligence/ask-evidence.ts,411,app/lib/intelligence/ask-evidence.ts,retained; static dependency scan,411,app/lib/ai/ask-reasoning.ts;app/lib/ai/history-source-transport.ts;app/lib/furvise-output.ts;app/lib/intelligence/ask-evidence-presentation.ts;app/lib/intelligence/correction-report.ts;app/lib/intelligence/evidence-need-coverage.ts;app/lib/intelligence/generate-ask-history.ts;app/lib/intelligence/history-obligations.ts;app/lib/intelligence/history-retrieval.ts;app/lib/intelligence/inspect-ask-publication.ts;app/lib/intelligence/read-projection.ts;app/lib/intelligence/retrieve-context.ts;app/lib/intelligence/review-history-narrative.ts;app/lib/intelligence/run-intelligence.ts;app/lib/intelligence/source-note-recall.ts;app/lib/intelligence/validation/validate-answer.ts,app/lib/ai/owner-assertion.ts;app/lib/ai/text-segmentation.ts;app/lib/intelligence/correction-report.ts;app/lib/intelligence/evidence-need-coverage.ts;app/lib/intelligence/history-query-relevance.ts;app/lib/intelligence/history-synthesis.ts;app/lib/intelligence/source-note-recall.ts
app/lib/intelligence/ask-request-contract.ts,295,app/lib/intelligence/ask-request-contract.ts,retained; static dependency scan,295,app/lib/intelligence/interpret-ask.ts,app/lib/intelligence/conversation-read-anchor.ts;app/lib/intelligence/entities/recent-subject-state.ts;app/lib/intelligence/entities/resolve-turn-subject.ts;app/lib/intelligence/episode-reference-language.ts;app/lib/intelligence/evidence-needs.ts;app/lib/intelligence/history-dates.ts;app/lib/intelligence/history-limits.ts;app/lib/intelligence/read-projection.ts;app/lib/intelligence/semantic-frame/extract-frame.ts
app/lib/intelligence/build-context.ts,46,app/lib/intelligence/build-context.ts,retained; static dependency scan,46,app/lib/intelligence/retrieve-context.ts,
app/lib/intelligence/calculation-expression.ts,37,app/lib/intelligence/history-calculation.ts,consolidated,188,app/lib/intelligence/historical-read-response.ts;app/lib/intelligence/history-narrative-facts.ts;app/lib/intelligence/history-narrative.ts;app/lib/intelligence/read-projection.ts;app/lib/intelligence/review-history-narrative.ts;app/lib/intelligence/structured-history-json.ts,
app/lib/intelligence/care-authority-client.ts,13,app/lib/intelligence/care-authority-client.ts,retained; static dependency scan,13,app/api/ask/route.ts;app/api/ask/suggestions/[id]/route.ts;app/lib/ask-conversation-server.ts;app/lib/intelligence/persist-learnings.ts,
app/lib/intelligence/care-history-policy.ts,259,app/lib/intelligence/care-history-policy.ts,retained; static dependency scan,259,app/api/ask/route.ts;app/lib/ai/ask-orchestrator.ts;app/lib/ai/concern-engine.ts;app/lib/intelligence/memory-policy.ts;app/lib/intelligence/persist-learnings.ts;app/lib/intelligence/retrieve-context.ts;app/lib/intelligence/run-intelligence.ts;app/lib/intelligence/semantic-event-persistence.ts;app/lib/intelligence/semantic-events.ts;app/lib/today.ts;app/lib/vet-brief/builder.ts,app/lib/ai/concern-symptoms.ts;app/lib/ai/owner-assertion.ts;app/lib/ai/recovery-subject.ts
app/lib/intelligence/classify-message.ts,34,app/lib/intelligence/classify-message.ts,retained; static dependency scan,34,app/lib/intelligence/run-intelligence.ts,app/lib/ai/turn-classifier.ts
app/lib/intelligence/concepts/normalize-concept.ts,33,app/lib/intelligence/concept-matching.ts,consolidated,118,app/lib/intelligence/semantic-observability.ts;app/lib/intelligence/v2/concepts/normalize.ts;app/lib/intelligence/v2/governance/deduplicate.ts,
app/lib/intelligence/concepts/provisional-concepts.ts,40,app/lib/intelligence/concept-matching.ts,consolidated,118,app/lib/intelligence/semantic-observability.ts;app/lib/intelligence/v2/concepts/normalize.ts;app/lib/intelligence/v2/governance/deduplicate.ts,
app/lib/intelligence/concepts/retrieve-candidates.ts,48,app/lib/intelligence/concept-matching.ts,consolidated,118,app/lib/intelligence/semantic-observability.ts;app/lib/intelligence/v2/concepts/normalize.ts;app/lib/intelligence/v2/governance/deduplicate.ts,
app/lib/intelligence/concern-chronology.ts,46,app/lib/intelligence/concern-chronology.ts,retained; static dependency scan,46,app/components/care-timeline.tsx;app/lib/intelligence/safety-state.ts,
app/lib/intelligence/context-recovery.ts,32,app/lib/intelligence/context-recovery.ts,retained; static dependency scan,32,app/lib/intelligence/memory-sources.ts;app/lib/intelligence/retrieve-context.ts,
app/lib/intelligence/conversation-read-anchor.ts,67,app/lib/intelligence/conversation-read-anchor.ts,retained; static dependency scan,67,app/lib/intelligence/ask-request-contract.ts,app/lib/ai/owner-assertion.ts;app/lib/intelligence/entities/resolve-turn-subject.ts;app/lib/intelligence/history-dates.ts;app/lib/intelligence/history-limits.ts
app/lib/intelligence/conversation-scope.ts,18,app/lib/intelligence/conversation-scope.ts,retained; static dependency scan,18,app/lib/intelligence/generate-ask-history.ts;app/lib/intelligence/run-intelligence.ts,
app/lib/intelligence/correction-report.ts,26,app/lib/intelligence/correction-report.ts,retained; static dependency scan,26,app/lib/intelligence/ask-evidence.ts,
app/lib/intelligence/dated-correction-notes.ts,54,app/lib/intelligence/dated-correction-notes.ts,retained; static dependency scan,54,app/lib/intelligence/history-retrieval.ts,
app/lib/intelligence/entities/candidate-retrieval.ts,101,app/lib/intelligence/entity-matching.ts,consolidated,214,app/lib/intelligence/entities/recent-subject-state.ts;app/lib/intelligence/entities/resolve-turn-subject.ts;app/lib/intelligence/semantic-observability.ts;app/lib/intelligence/v2/governance/entities.ts;app/lib/intelligence/v2/governance/govern-turn.ts,
app/lib/intelligence/entities/policy.ts,39,app/lib/intelligence/entity-matching.ts,consolidated,214,app/lib/intelligence/entities/recent-subject-state.ts;app/lib/intelligence/entities/resolve-turn-subject.ts;app/lib/intelligence/semantic-observability.ts;app/lib/intelligence/v2/governance/entities.ts;app/lib/intelligence/v2/governance/govern-turn.ts,
app/lib/intelligence/entities/recent-subject-state.ts,267,app/lib/intelligence/entities/recent-subject-state.ts,retained; static dependency scan,267,app/lib/ai/recovery-subject.ts;app/lib/intelligence/ask-request-contract.ts;app/lib/intelligence/entities/resolve-turn-subject.ts;app/lib/intelligence/interpret-ask.ts,
app/lib/intelligence/entities/resolve-entities.ts,45,app/lib/intelligence/entity-matching.ts,consolidated,214,app/lib/intelligence/entities/recent-subject-state.ts;app/lib/intelligence/entities/resolve-turn-subject.ts;app/lib/intelligence/semantic-observability.ts;app/lib/intelligence/v2/governance/entities.ts;app/lib/intelligence/v2/governance/govern-turn.ts,
app/lib/intelligence/entities/resolve-references.ts,34,app/lib/intelligence/entity-matching.ts,consolidated,214,app/lib/intelligence/entities/recent-subject-state.ts;app/lib/intelligence/entities/resolve-turn-subject.ts;app/lib/intelligence/semantic-observability.ts;app/lib/intelligence/v2/governance/entities.ts;app/lib/intelligence/v2/governance/govern-turn.ts,
app/lib/intelligence/entities/resolve-turn-subject.ts,415,app/lib/intelligence/entities/resolve-turn-subject.ts,retained; static dependency scan,415,app/api/ask/route.ts;app/lib/intelligence/ask-request-contract.ts;app/lib/intelligence/conversation-read-anchor.ts,app/lib/intelligence/entities/recent-subject-state.ts;app/lib/intelligence/entity-matching.ts;app/lib/intelligence/episode-reference-language.ts;app/lib/intelligence/semantic-frame/ground-evidence.ts;app/lib/intelligence/semantic-frame/validate-evidence.ts
app/lib/intelligence/episode-contract.ts,75,app/lib/intelligence/episode-contract.ts,retained; static dependency scan,75,app/lib/intelligence/ask-evidence-presentation.ts;app/lib/intelligence/episode-history.ts;app/lib/intelligence/generate-ask-history.ts;app/lib/intelligence/inspect-ask-publication.ts;app/lib/intelligence/validation/validate-answer.ts,
app/lib/intelligence/episode-history.ts,282,app/lib/intelligence/episode-history.ts,retained; static dependency scan,282,app/api/ask/route.ts;app/lib/intelligence/generate-ask-history.ts,app/lib/ai/owner-assertion.ts;app/lib/intelligence/episode-contract.ts;app/lib/intelligence/episode-membership.ts;app/lib/intelligence/episode-reference-language.ts;app/lib/intelligence/history-access.ts;app/lib/intelligence/history-retrieval.ts;app/lib/intelligence/recorded-inventory.ts;app/lib/intelligence/recorded-provenance.ts
app/lib/intelligence/episode-membership.ts,58,app/lib/intelligence/episode-membership.ts,retained; static dependency scan,58,app/lib/intelligence/episode-history.ts;app/lib/intelligence/recorded-inventory.ts;app/lib/intelligence/recorded-provenance.ts,
app/lib/intelligence/episode-presentation.ts,20,app/lib/intelligence/episode-presentation.ts,retained; static dependency scan,20,app/lib/intelligence/retrieve-context.ts,
app/lib/intelligence/episode-reference-language.ts,14,app/lib/intelligence/episode-reference-language.ts,retained; static dependency scan,14,app/lib/intelligence/ask-request-contract.ts;app/lib/intelligence/entities/resolve-turn-subject.ts;app/lib/intelligence/episode-history.ts,
app/lib/intelligence/episodes/types.ts,5,app/lib/intelligence/episodes/types.ts,retained; static dependency scan,5,app/lib/ai/ask-reasoning.ts;app/lib/intelligence/pet-state/types.ts;app/lib/intelligence/recovery-governance.ts;app/lib/intelligence/retrieve-context.ts;app/lib/intelligence/semantic-events.ts;app/lib/intelligence/semantic-observability.ts;app/lib/intelligence/types.ts;app/lib/intelligence/v2/governance/govern-turn.ts,
app/lib/intelligence/evidence-need-coverage.ts,49,app/lib/intelligence/evidence-need-coverage.ts,retained; static dependency scan,49,app/api/ask/route.ts;app/lib/ai/ask-reasoning.ts;app/lib/intelligence/ask-evidence.ts;app/lib/intelligence/history-obligations.ts,app/lib/intelligence/history-dates.ts
app/lib/intelligence/evidence-need-window.ts,24,app/lib/intelligence/history-dates.ts,consolidated,130,app/lib/intelligence/ask-request-contract.ts;app/lib/intelligence/conversation-read-anchor.ts;app/lib/intelligence/evidence-need-coverage.ts;app/lib/intelligence/evidence-needs.ts;app/lib/intelligence/history-obligations.ts;app/lib/intelligence/history-read-strategies.ts;app/lib/intelligence/history-retrieval.ts,
app/lib/intelligence/evidence-needs.ts,43,app/lib/intelligence/evidence-needs.ts,retained; static dependency scan,43,app/api/ask/route.ts;app/lib/intelligence/ask-request-contract.ts;app/lib/intelligence/history-read-strategies.ts,app/lib/intelligence/history-dates.ts
app/lib/intelligence/explicit-history-dates.ts,39,app/lib/intelligence/history-dates.ts,consolidated,130,app/lib/intelligence/ask-request-contract.ts;app/lib/intelligence/conversation-read-anchor.ts;app/lib/intelligence/evidence-need-coverage.ts;app/lib/intelligence/evidence-needs.ts;app/lib/intelligence/history-obligations.ts;app/lib/intelligence/history-read-strategies.ts;app/lib/intelligence/history-retrieval.ts,
app/lib/intelligence/feature-failure.ts,24,app/lib/intelligence/feature-failure.ts,retained; static dependency scan,24,app/api/vet-briefs/draft/route.ts,
app/lib/intelligence/feature-modes.ts,66,app/lib/intelligence/feature-modes.ts,retained; static dependency scan,66,app/lib/intelligence/index.ts;app/lib/intelligence/retrieve-context.ts;app/lib/intelligence/run-feature-intelligence.ts,app/lib/intelligence/vet-brief.ts
app/lib/intelligence/generate-ask-history.ts,43,app/lib/intelligence/generate-ask-history.ts,retained; static dependency scan,43,app/api/ask/route.ts,app/lib/intelligence/ask-evidence-presentation.ts;app/lib/intelligence/ask-evidence.ts;app/lib/intelligence/conversation-scope.ts;app/lib/intelligence/episode-contract.ts;app/lib/intelligence/episode-history.ts;app/lib/intelligence/history-access.ts;app/lib/intelligence/history-retrieval.ts;app/lib/intelligence/run-intelligence.ts
app/lib/intelligence/governance/authorize-actions.ts,41,app/lib/intelligence/governance/authorize-actions.ts,retained; static dependency scan,41,app/lib/intelligence/governance/index.ts,
app/lib/intelligence/governance/index.ts,2,app/lib/intelligence/governance/index.ts,retained; static dependency scan,2,app/lib/intelligence/run-intelligence.ts,app/lib/intelligence/governance/authorize-actions.ts;app/lib/intelligence/governance/types.ts
app/lib/intelligence/governance/types.ts,6,app/lib/intelligence/governance/types.ts,retained; static dependency scan,6,app/lib/intelligence/governance/authorize-actions.ts;app/lib/intelligence/governance/index.ts,
app/lib/intelligence/historical-care-state.ts,10,app/lib/intelligence/historical-care-state.ts,retained; static dependency scan,10,app/lib/intelligence/review-history-narrative.ts,
app/lib/intelligence/historical-read-response.ts,121,app/lib/intelligence/historical-read-response.ts,retained; static dependency scan,121,app/lib/ai/ask-reasoning.ts;app/lib/intelligence/review-history-narrative.ts,app/lib/furvise-output.ts;app/lib/furvise-voice.ts;app/lib/intelligence/history-calculation.ts;app/lib/intelligence/history-limits.ts;app/lib/intelligence/history-narrative.ts;app/lib/intelligence/structured-history-json.ts
app/lib/intelligence/history-access.ts,62,app/lib/intelligence/history-access.ts,retained; static dependency scan,62,app/api/ask/route.ts;app/lib/intelligence/episode-history.ts;app/lib/intelligence/generate-ask-history.ts;app/lib/intelligence/history-retrieval.ts;app/lib/intelligence/retrieve-context.ts;app/lib/intelligence/run-intelligence.ts,
app/lib/intelligence/history-calculation.ts,119,app/lib/intelligence/history-calculation.ts,consolidated,188,app/lib/intelligence/historical-read-response.ts;app/lib/intelligence/history-narrative-facts.ts;app/lib/intelligence/history-narrative.ts;app/lib/intelligence/read-projection.ts;app/lib/intelligence/review-history-narrative.ts;app/lib/intelligence/structured-history-json.ts,
app/lib/intelligence/history-limits.ts,3,app/lib/intelligence/history-limits.ts,retained; static dependency scan,3,app/lib/intelligence/ask-request-contract.ts;app/lib/intelligence/conversation-read-anchor.ts;app/lib/intelligence/historical-read-response.ts;app/lib/intelligence/history-retrieval.ts;app/lib/intelligence/history-review-selection.ts,
app/lib/intelligence/history-narrative-facts.ts,144,app/lib/intelligence/history-narrative-facts.ts,retained; static dependency scan,144,app/lib/intelligence/review-history-narrative.ts,app/lib/furvise-output.ts;app/lib/intelligence/history-calculation.ts
app/lib/intelligence/history-narrative.ts,35,app/lib/intelligence/history-narrative.ts,retained; static dependency scan,35,app/lib/ai/ask-reasoning.ts;app/lib/intelligence/historical-read-response.ts;app/lib/intelligence/read-projection.ts;app/lib/intelligence/review-history-narrative.ts;app/lib/intelligence/structured-history-json.ts,app/lib/furvise-output.ts;app/lib/intelligence/history-calculation.ts
app/lib/intelligence/history-obligations.ts,52,app/lib/intelligence/history-obligations.ts,retained; static dependency scan,52,app/lib/intelligence/history-review-state.ts;app/lib/intelligence/review-history-narrative.ts;app/lib/intelligence/validation/validate-answer.ts,app/lib/intelligence/evidence-need-coverage.ts;app/lib/intelligence/history-dates.ts
app/lib/intelligence/history-query-relevance.ts,45,app/lib/intelligence/history-query-relevance.ts,retained; static dependency scan,45,app/lib/intelligence/ask-evidence.ts;app/lib/intelligence/history-retrieval.ts,
app/lib/intelligence/history-read-strategies.ts,45,app/lib/intelligence/history-read-strategies.ts,retained; static dependency scan,45,app/lib/intelligence/history-retrieval.ts,app/lib/intelligence/history-dates.ts
app/lib/intelligence/history-retrieval.ts,527,app/lib/intelligence/history-retrieval.ts,retained; static dependency scan,527,app/api/ask/route.ts;app/lib/intelligence/dated-correction-notes.ts;app/lib/intelligence/episode-contract.ts;app/lib/intelligence/episode-history.ts;app/lib/intelligence/episode-membership.ts;app/lib/intelligence/generate-ask-history.ts;app/lib/intelligence/interpret-ask.ts,app/lib/ai/owner-assertion.ts;app/lib/intelligence/ask-evidence.ts;app/lib/intelligence/dated-correction-notes.ts;app/lib/intelligence/history-access.ts;app/lib/intelligence/history-dates.ts;app/lib/intelligence/history-limits.ts;app/lib/intelligence/history-query-relevance.ts;app/lib/intelligence/history-read-strategies.ts;app/lib/intelligence/history-synthesis.ts;app/lib/intelligence/v2/projections/rebuild.ts
app/lib/intelligence/history-review-diagnostic.ts,9,app/lib/intelligence/history-review-state.ts,consolidated,24,app/lib/intelligence/review-history-narrative.ts;app/lib/intelligence/validation/validate-answer.ts,
app/lib/intelligence/history-review-receipt.ts,14,app/lib/intelligence/history-review-state.ts,consolidated,24,app/lib/intelligence/review-history-narrative.ts;app/lib/intelligence/validation/validate-answer.ts,
app/lib/intelligence/history-review-selection.ts,86,app/lib/intelligence/history-review-selection.ts,retained; static dependency scan,86,app/lib/intelligence/history-obligations.ts;app/lib/intelligence/review-history-narrative.ts,app/lib/intelligence/history-limits.ts
app/lib/intelligence/history-synthesis.ts,94,app/lib/intelligence/history-synthesis.ts,retained; static dependency scan,94,app/lib/intelligence/ask-evidence.ts;app/lib/intelligence/history-retrieval.ts,app/lib/ai/owner-assertion.ts;app/lib/ai/text-segmentation.ts
app/lib/intelligence/history-units.ts,30,app/lib/intelligence/history-calculation.ts,consolidated,188,app/lib/intelligence/historical-read-response.ts;app/lib/intelligence/history-narrative-facts.ts;app/lib/intelligence/history-narrative.ts;app/lib/intelligence/read-projection.ts;app/lib/intelligence/review-history-narrative.ts;app/lib/intelligence/structured-history-json.ts,
app/lib/intelligence/index.ts,18,app/lib/intelligence/index.ts,retained; static dependency scan,18,app/api/ask/route.ts;app/api/vet-briefs/draft/route.ts,app/lib/intelligence/feature-modes.ts;app/lib/intelligence/logging.ts;app/lib/intelligence/memory-policy.ts;app/lib/intelligence/persist-learnings.ts;app/lib/intelligence/product-safety.ts;app/lib/intelligence/response-rendering.ts;app/lib/intelligence/retrieve-context.ts;app/lib/intelligence/run-feature-intelligence.ts;app/lib/intelligence/run-intelligence.ts;app/lib/intelligence/safety-state.ts;app/lib/intelligence/semantic-observability.ts;app/lib/intelligence/vet-brief.ts
app/lib/intelligence/inspect-ask-publication.ts,19,app/lib/intelligence/inspect-ask-publication.ts,retained; static dependency scan,19,app/api/ask/route.ts,app/lib/answer-integrity.ts;app/lib/ask-conversation-server.ts;app/lib/ask.mjs;app/lib/intelligence/ask-evidence-presentation.ts
app/lib/intelligence/interpret-ask.ts,172,app/lib/intelligence/interpret-ask.ts,retained; static dependency scan,172,app/api/ask/route.ts;app/lib/intelligence/ask-request-contract.ts,app/lib/ai/ask-provider.ts;app/lib/ai/ask-reasoning.ts;app/lib/ai/execution-deadline.ts;app/lib/ai/owner-assertion.ts;app/lib/ai/usage-guard/errors.ts;app/lib/ai/usage-guard/provider-call-budget.ts;app/lib/intelligence/ask-request-contract.ts;app/lib/intelligence/entities/recent-subject-state.ts;app/lib/intelligence/semantic-frame/extract-frame.ts;app/lib/intelligence/semantic-frame/schema.ts
app/lib/intelligence/literal-history-window.ts,65,app/lib/intelligence/history-dates.ts,consolidated,130,app/lib/intelligence/ask-request-contract.ts;app/lib/intelligence/conversation-read-anchor.ts;app/lib/intelligence/evidence-need-coverage.ts;app/lib/intelligence/evidence-needs.ts;app/lib/intelligence/history-obligations.ts;app/lib/intelligence/history-read-strategies.ts;app/lib/intelligence/history-retrieval.ts,
app/lib/intelligence/logging.ts,13,app/lib/intelligence/logging.ts,retained; static dependency scan,13,app/lib/intelligence/index.ts;app/lib/intelligence/persist-learnings.ts;app/lib/intelligence/run-feature-intelligence.ts,app/lib/security/logging.ts
app/lib/intelligence/memory-freshness/calculate-memory-freshness.ts,18,app/lib/intelligence/memory-freshness.ts,consolidated,41,app/lib/intelligence/memory-sources.ts;app/lib/intelligence/run-intelligence.ts;app/lib/remembered-details.ts,app/lib/intelligence/memory-integrity.ts
app/lib/intelligence/memory-freshness/policy.ts,9,app/lib/intelligence/memory-freshness.ts,consolidated,41,app/lib/intelligence/memory-sources.ts;app/lib/intelligence/run-intelligence.ts;app/lib/remembered-details.ts,app/lib/intelligence/memory-integrity.ts
app/lib/intelligence/memory-freshness/select-fresh-memories.ts,16,app/lib/intelligence/memory-freshness.ts,consolidated,41,app/lib/intelligence/memory-sources.ts;app/lib/intelligence/run-intelligence.ts;app/lib/remembered-details.ts,app/lib/intelligence/memory-integrity.ts
app/lib/intelligence/memory-integrity.ts,472,app/lib/intelligence/memory-integrity.ts,retained; static dependency scan,472,app/api/legacy-memories/route.ts;app/api/memories/[id]/route.ts;app/api/vet-briefs/route.ts;app/lib/ai/context-builder.ts;app/lib/application-actions/executor.ts;app/lib/intelligence/memory-freshness.ts;app/lib/intelligence/memory-policy.ts;app/lib/intelligence/memory-sources.ts;app/lib/intelligence/memory-suggestion.ts;app/lib/intelligence/persist-learnings.ts;app/lib/intelligence/run-intelligence.ts;app/lib/intelligence/validation/validate-answer.ts;app/lib/pet-memory.ts;app/lib/remembered-details.ts,
app/lib/intelligence/memory-lifecycle/filter-conversation.ts,53,app/lib/intelligence/memory-lifecycle/filter-conversation.ts,retained; static dependency scan,53,app/lib/intelligence/memory-sources.ts;app/lib/intelligence/retrieve-context.ts,
app/lib/intelligence/memory-policy.ts,137,app/lib/intelligence/memory-policy.ts,retained; static dependency scan,137,app/lib/intelligence/index.ts;app/lib/intelligence/persist-learnings.ts;app/lib/intelligence/run-feature-intelligence.ts;app/lib/intelligence/run-intelligence.ts,app/lib/ai/concern-engine.ts;app/lib/ai/owner-assertion.ts;app/lib/ai/recovery-subject.ts;app/lib/ai/turn-classifier.ts;app/lib/application-actions/memory-scopes.ts;app/lib/intelligence/care-history-policy.ts;app/lib/intelligence/memory-integrity.ts;app/lib/intelligence/pet-identity-persistence-policy.ts
app/lib/intelligence/memory-sources.ts,45,app/lib/intelligence/memory-sources.ts,retained; static dependency scan,45,app/lib/intelligence/retrieve-context.ts,app/lib/intelligence/context-recovery.ts;app/lib/intelligence/memory-freshness.ts;app/lib/intelligence/memory-integrity.ts
app/lib/intelligence/memory-suggestion.ts,19,app/lib/intelligence/memory-suggestion.ts,retained; static dependency scan,19,app/api/ask/suggestions/[id]/route.ts,app/lib/intelligence/memory-integrity.ts
app/lib/intelligence/persist-learnings.ts,434,app/lib/intelligence/persist-learnings.ts,retained; static dependency scan,434,app/lib/intelligence/index.ts,app/lib/intelligence/care-authority-client.ts;app/lib/intelligence/care-history-policy.ts;app/lib/intelligence/logging.ts;app/lib/intelligence/memory-integrity.ts;app/lib/intelligence/memory-policy.ts;app/lib/intelligence/persistence-partition.ts;app/lib/intelligence/preference-semantics.ts;app/lib/intelligence/semantic-event-persistence.ts;app/lib/operations/admin-client.ts
app/lib/intelligence/persist-pending-suggestion.ts,131,app/lib/intelligence/persist-pending-suggestion.ts,retained; static dependency scan,131,app/api/ask/route.ts,app/lib/ai/concern-engine.ts
app/lib/intelligence/persistence-destination.ts,132,app/lib/intelligence/persistence-destination.ts,retained; static dependency scan,132,app/lib/intelligence/run-intelligence.ts;app/lib/intelligence/semantic-events.ts,
app/lib/intelligence/persistence-partition.ts,11,app/lib/intelligence/persistence-partition.ts,retained; static dependency scan,11,app/lib/intelligence/persist-learnings.ts,
app/lib/intelligence/pet-identity-persistence-policy.ts,11,app/lib/intelligence/pet-identity-persistence-policy.ts,retained; static dependency scan,11,app/lib/intelligence/memory-policy.ts;app/lib/intelligence/semantic-events.ts;app/lib/intelligence/v2/governance/govern-turn.ts,
app/lib/intelligence/pet-state/types.ts,8,app/lib/intelligence/pet-state/types.ts,retained; static dependency scan,8,app/lib/intelligence/retrieve-context.ts;app/lib/intelligence/types.ts,
app/lib/intelligence/preference-semantics.ts,148,app/lib/intelligence/preference-semantics.ts,retained; static dependency scan,148,app/lib/effective-history.ts;app/lib/intelligence/persist-learnings.ts;app/lib/intelligence/run-intelligence.ts;app/lib/remembered-details.ts,
app/lib/intelligence/product-safety.ts,32,app/lib/intelligence/product-safety.ts,retained; static dependency scan,32,app/lib/intelligence/index.ts,app/lib/intelligence/safety-state.ts
app/lib/intelligence/read-projection.ts,65,app/lib/intelligence/read-projection.ts,retained; static dependency scan,65,app/lib/ai/ask-reasoning.ts;app/lib/intelligence/ask-request-contract.ts,app/lib/intelligence/history-calculation.ts;app/lib/intelligence/history-narrative.ts
app/lib/intelligence/recorded-inventory.ts,71,app/lib/intelligence/recorded-inventory.ts,retained; static dependency scan,71,app/lib/intelligence/episode-history.ts,app/lib/intelligence/recorded-provenance.ts
app/lib/intelligence/recorded-provenance.ts,87,app/lib/intelligence/recorded-provenance.ts,retained; static dependency scan,87,app/lib/intelligence/episode-history.ts;app/lib/intelligence/recorded-inventory.ts;app/lib/intelligence/semantic-events.ts,app/lib/ai/concern-symptoms.ts;app/lib/ai/owner-assertion.ts;app/lib/ai/recovery-subject.ts
app/lib/intelligence/recovery-governance.ts,183,app/lib/intelligence/recovery-governance.ts,retained; static dependency scan,183,app/lib/ai/ask-reasoning.ts;app/lib/intelligence/semantic-events.ts;app/lib/intelligence/semantic-observability.ts;app/lib/intelligence/types.ts,app/lib/intelligence/semantic-frame/ground-evidence.ts
app/lib/intelligence/request-reference-context.ts,18,app/lib/intelligence/request-reference-context.ts,retained; static dependency scan,18,app/lib/ai/ask-reasoning.ts,
app/lib/intelligence/response-rendering.ts,14,app/lib/intelligence/response-rendering.ts,retained; static dependency scan,14,app/lib/intelligence/index.ts,
app/lib/intelligence/retrieve-context.ts,210,app/lib/intelligence/retrieve-context.ts,retained; static dependency scan,210,app/lib/intelligence/index.ts,app/lib/ai/context-builder.ts;app/lib/application-actions/contracts.ts;app/lib/ask-conversation-server.ts;app/lib/intelligence/ask-evidence.ts;app/lib/intelligence/build-context.ts;app/lib/intelligence/care-history-policy.ts;app/lib/intelligence/context-recovery.ts;app/lib/intelligence/episode-presentation.ts;app/lib/intelligence/feature-modes.ts;app/lib/intelligence/history-access.ts;app/lib/intelligence/memory-lifecycle/filter-conversation.ts;app/lib/intelligence/memory-sources.ts;app/lib/pet-lifecycle.ts
app/lib/intelligence/review-history-narrative.ts,299,app/lib/intelligence/review-history-narrative.ts,retained; static dependency scan,299,app/lib/intelligence/run-intelligence.ts,app/lib/ai/ask-provider.ts;app/lib/ai/ask-reasoning.ts;app/lib/ai/execution-deadline.ts;app/lib/ai/text-segmentation.ts;app/lib/ai/usage-guard/provider-call-budget.ts;app/lib/ask-publication.ts;app/lib/furvise-output.ts;app/lib/furvise-voice.ts;app/lib/intelligence/ask-evidence.ts;app/lib/intelligence/historical-care-state.ts;app/lib/intelligence/historical-read-response.ts;app/lib/intelligence/history-calculation.ts;app/lib/intelligence/history-narrative-facts.ts;app/lib/intelligence/history-narrative.ts;app/lib/intelligence/history-obligations.ts;app/lib/intelligence/history-review-selection.ts;app/lib/intelligence/history-review-state.ts
app/lib/intelligence/run-feature-intelligence.ts,141,app/lib/intelligence/run-feature-intelligence.ts,retained; static dependency scan,141,app/lib/intelligence/index.ts,app/lib/ai/ask-reasoning.ts;app/lib/ai/usage-guard/config.ts;app/lib/furvise-voice.ts;app/lib/intelligence/feature-modes.ts;app/lib/intelligence/logging.ts;app/lib/intelligence/memory-policy.ts;app/lib/intelligence/safety-state.ts;app/lib/intelligence/schemas.ts
app/lib/intelligence/run-intelligence.ts,446,app/lib/intelligence/run-intelligence.ts,retained; static dependency scan,446,app/lib/intelligence/generate-ask-history.ts;app/lib/intelligence/index.ts,app/lib/ai/ask-reasoning.ts;app/lib/ai/concern-engine.ts;app/lib/ai/pet-loss.ts;app/lib/ai/safety-temporal-scope.ts;app/lib/ai/usage-guard/config.ts;app/lib/ask-safety-context.ts;app/lib/intelligence/ask-evidence.ts;app/lib/intelligence/care-history-policy.ts;app/lib/intelligence/classify-message.ts;app/lib/intelligence/conversation-scope.ts;app/lib/intelligence/governance/index.ts;app/lib/intelligence/history-access.ts;app/lib/intelligence/memory-freshness.ts;app/lib/intelligence/memory-integrity.ts;app/lib/intelligence/memory-policy.ts;app/lib/intelligence/persistence-destination.ts;app/lib/intelligence/preference-semantics.ts;app/lib/intelligence/review-history-narrative.ts;app/lib/intelligence/safety-state.ts;app/lib/intelligence/semantic-events.ts;app/lib/intelligence/semantic-frame/extract-frame.ts;app/lib/intelligence/semantic-observability.ts;app/lib/intelligence/v2/governance/govern-turn.ts;app/lib/intelligence/v2/projections/legacy-memory.ts;app/lib/intelligence/validation/index.ts
app/lib/intelligence/safety-state.ts,103,app/lib/intelligence/safety-state.ts,retained; static dependency scan,103,app/lib/intelligence/index.ts;app/lib/intelligence/product-safety.ts;app/lib/intelligence/run-feature-intelligence.ts;app/lib/intelligence/run-intelligence.ts,app/lib/ai/concern-engine.ts;app/lib/ai/safety-temporal-scope.ts;app/lib/ai/turn-classifier.ts;app/lib/ask-safety-context.ts;app/lib/intelligence/concern-chronology.ts
app/lib/intelligence/schemas.ts,155,app/lib/intelligence/schemas.ts,retained; static dependency scan,155,app/lib/ai/ask-reasoning.ts;app/lib/intelligence/run-feature-intelligence.ts,
app/lib/intelligence/semantic-event-persistence.ts,61,app/lib/intelligence/semantic-event-persistence.ts,retained; static dependency scan,61,app/lib/intelligence/persist-learnings.ts,app/lib/intelligence/care-history-policy.ts
app/lib/intelligence/semantic-events.ts,330,app/lib/intelligence/semantic-events.ts,retained; static dependency scan,330,app/lib/intelligence/run-intelligence.ts,app/lib/ai/concern-engine.ts;app/lib/ai/owner-assertion.ts;app/lib/ai/recovery-subject.ts;app/lib/intelligence/care-history-policy.ts;app/lib/intelligence/persistence-destination.ts;app/lib/intelligence/pet-identity-persistence-policy.ts;app/lib/intelligence/recorded-provenance.ts;app/lib/intelligence/recovery-governance.ts
app/lib/intelligence/semantic-frame/extract-frame.ts,146,app/lib/intelligence/semantic-frame/extract-frame.ts,retained; static dependency scan,146,app/lib/ai/ask-reasoning.ts;app/lib/intelligence/ask-request-contract.ts;app/lib/intelligence/interpret-ask.ts;app/lib/intelligence/run-intelligence.ts;app/lib/intelligence/semantic-frame/extract-turn-subject.ts;app/lib/intelligence/semantic-frame/recover-owner-preference.ts,app/lib/intelligence/semantic-frame/types.ts
app/lib/intelligence/semantic-frame/extract-turn-subject.ts,126,app/lib/intelligence/semantic-frame/extract-turn-subject.ts,retained; static dependency scan,126,app/api/ask/route.ts,app/lib/ai/ask-provider.ts;app/lib/ai/ask-reasoning.ts;app/lib/ai/usage-guard/provider-call-budget.ts;app/lib/intelligence/semantic-frame/extract-frame.ts;app/lib/intelligence/semantic-frame/schema.ts
app/lib/intelligence/semantic-frame/ground-evidence.ts,165,app/lib/intelligence/semantic-frame/ground-evidence.ts,retained; static dependency scan,165,app/lib/ai/recovery-subject.ts;app/lib/intelligence/entities/resolve-turn-subject.ts;app/lib/intelligence/recovery-governance.ts;app/lib/intelligence/semantic-frame/recover-owner-preference.ts;app/lib/intelligence/semantic-observability.ts;app/lib/intelligence/v2/governance/evidence.ts,
app/lib/intelligence/semantic-frame/normalize-claim-kind.ts,34,app/lib/intelligence/semantic-frame/normalize-claim-kind.ts,retained; static dependency scan,34,app/lib/intelligence/semantic-frame/recover-owner-preference.ts;app/lib/intelligence/semantic-observability.ts;app/lib/intelligence/v2/governance/govern-turn.ts,
app/lib/intelligence/semantic-frame/recover-owner-preference.ts,106,app/lib/intelligence/semantic-frame/recover-owner-preference.ts,retained; static dependency scan,106,app/lib/ai/ask-reasoning.ts;app/lib/intelligence/semantic-observability.ts,app/lib/intelligence/semantic-frame/extract-frame.ts;app/lib/intelligence/semantic-frame/ground-evidence.ts;app/lib/intelligence/semantic-frame/normalize-claim-kind.ts;app/lib/intelligence/v2/concepts/normalize.ts
app/lib/intelligence/semantic-frame/schema.ts,135,app/lib/intelligence/semantic-frame/schema.ts,retained; static dependency scan,135,app/lib/ai/ask-reasoning.ts;app/lib/intelligence/interpret-ask.ts;app/lib/intelligence/semantic-frame/extract-turn-subject.ts,app/lib/intelligence/semantic-frame/types.ts
app/lib/intelligence/semantic-frame/types.ts,150,app/lib/intelligence/semantic-frame/types.ts,retained; static dependency scan,150,app/lib/ai/ask-reasoning.ts;app/lib/ask-safety-context.ts;app/lib/intelligence/concept-matching.ts;app/lib/intelligence/entities/resolve-turn-subject.ts;app/lib/intelligence/entity-matching.ts;app/lib/intelligence/interpret-ask.ts;app/lib/intelligence/run-intelligence.ts;app/lib/intelligence/semantic-frame/extract-frame.ts;app/lib/intelligence/semantic-frame/extract-turn-subject.ts;app/lib/intelligence/semantic-frame/ground-evidence.ts;app/lib/intelligence/semantic-frame/normalize-claim-kind.ts;app/lib/intelligence/semantic-frame/recover-owner-preference.ts;app/lib/intelligence/semantic-frame/schema.ts;app/lib/intelligence/semantic-frame/validate-evidence.ts;app/lib/intelligence/semantic-observability.ts;app/lib/intelligence/v2/concepts/normalize.ts;app/lib/intelligence/v2/governance/entities.ts;app/lib/intelligence/v2/governance/evidence.ts;app/lib/intelligence/v2/governance/govern-turn.ts;app/lib/intelligence/v2/governance/persistence.ts;app/lib/intelligence/v2/governance/temporal.ts;app/lib/intelligence/v2/types.ts,
app/lib/intelligence/semantic-frame/validate-evidence.ts,19,app/lib/intelligence/semantic-frame/validate-evidence.ts,retained; static dependency scan,19,app/lib/intelligence/entities/resolve-turn-subject.ts;app/lib/intelligence/semantic-observability.ts,
app/lib/intelligence/semantic-observability.ts,542,app/lib/intelligence/semantic-observability.ts,retained; static dependency scan,542,app/lib/intelligence/index.ts;app/lib/intelligence/run-intelligence.ts,app/lib/intelligence/concept-matching.ts;app/lib/intelligence/entity-matching.ts;app/lib/intelligence/semantic-frame/ground-evidence.ts;app/lib/intelligence/semantic-frame/normalize-claim-kind.ts;app/lib/intelligence/semantic-frame/validate-evidence.ts;app/lib/intelligence/v2/governance/govern-turn.ts;app/lib/intelligence/v2/observability.ts
app/lib/intelligence/source-note-recall.ts,100,app/lib/intelligence/source-note-recall.ts,retained; static dependency scan,100,app/lib/intelligence/ask-evidence.ts;app/lib/intelligence/validation/validate-answer.ts,app/lib/intelligence/ask-evidence.ts
app/lib/intelligence/structured-history-json.ts,36,app/lib/intelligence/structured-history-json.ts,retained; static dependency scan,36,app/lib/intelligence/historical-read-response.ts,app/lib/furvise-output.ts;app/lib/intelligence/history-calculation.ts;app/lib/intelligence/history-narrative.ts
app/lib/intelligence/types.ts,207,app/lib/intelligence/types.ts,retained; static dependency scan,207,app/api/memories/[id]/route.ts;app/api/vet-briefs/route.ts;app/lib/ai/ask-reasoning.ts;app/lib/ai/concern-engine.ts;app/lib/ai/pet-loss.ts;app/lib/application-actions/executor.ts;app/lib/effective-history.ts;app/lib/intelligence/ask-evidence.ts;app/lib/intelligence/ask-request-contract.ts;app/lib/intelligence/build-context.ts;app/lib/intelligence/care-history-policy.ts;app/lib/intelligence/classify-message.ts;app/lib/intelligence/conversation-read-anchor.ts;app/lib/intelligence/conversation-scope.ts;app/lib/intelligence/episode-history.ts;app/lib/intelligence/feature-modes.ts;app/lib/intelligence/governance/authorize-actions.ts;app/lib/intelligence/governance/types.ts;app/lib/intelligence/history-access.ts;app/lib/intelligence/history-retrieval.ts;app/lib/intelligence/index.ts;app/lib/intelligence/interpret-ask.ts;app/lib/intelligence/memory-freshness.ts;app/lib/intelligence/memory-integrity.ts;app/lib/intelligence/memory-lifecycle/filter-conversation.ts;app/lib/intelligence/memory-policy.ts;app/lib/intelligence/memory-sources.ts;app/lib/intelligence/memory-suggestion.ts;app/lib/intelligence/persist-learnings.ts;app/lib/intelligence/persistence-destination.ts;app/lib/intelligence/persistence-partition.ts;app/lib/intelligence/product-safety.ts;app/lib/intelligence/recorded-provenance.ts;app/lib/intelligence/recovery-governance.ts;app/lib/intelligence/response-rendering.ts;app/lib/intelligence/retrieve-context.ts;app/lib/intelligence/run-feature-intelligence.ts;app/lib/intelligence/run-intelligence.ts;app/lib/intelligence/safety-state.ts;app/lib/intelligence/schemas.ts;app/lib/intelligence/semantic-event-persistence.ts;app/lib/intelligence/semantic-events.ts;app/lib/intelligence/semantic-observability.ts;app/lib/intelligence/source-note-recall.ts;app/lib/intelligence/v2/projections/legacy-memory.ts;app/lib/intelligence/validation/validate-answer.ts;app/lib/remembered-details.ts;app/lib/supabase.ts,
app/lib/intelligence/v2/concepts/normalize.ts,85,app/lib/intelligence/v2/concepts/normalize.ts,retained; static dependency scan,85,app/lib/intelligence/semantic-frame/recover-owner-preference.ts;app/lib/intelligence/v2/governance/govern-turn.ts;app/lib/intelligence/v2/lifecycle/compatibility.ts,app/lib/intelligence/concept-matching.ts
app/lib/intelligence/v2/governance/deduplicate.ts,158,app/lib/intelligence/v2/governance/deduplicate.ts,retained; static dependency scan,158,app/lib/intelligence/v2/governance/govern-turn.ts,app/lib/intelligence/concept-matching.ts
app/lib/intelligence/v2/governance/entities.ts,117,app/lib/intelligence/v2/governance/entities.ts,retained; static dependency scan,117,app/lib/intelligence/v2/governance/govern-turn.ts,app/lib/intelligence/entity-matching.ts
app/lib/intelligence/v2/governance/evidence.ts,41,app/lib/intelligence/v2/governance/evidence.ts,retained; static dependency scan,41,app/lib/intelligence/v2/governance/govern-turn.ts,app/lib/intelligence/semantic-frame/ground-evidence.ts
app/lib/intelligence/v2/governance/govern-turn.ts,291,app/lib/intelligence/v2/governance/govern-turn.ts,retained; static dependency scan,291,app/lib/intelligence/run-intelligence.ts;app/lib/intelligence/semantic-observability.ts,app/lib/ai/owner-assertion.ts;app/lib/intelligence/entity-matching.ts;app/lib/intelligence/pet-identity-persistence-policy.ts;app/lib/intelligence/semantic-frame/normalize-claim-kind.ts;app/lib/intelligence/v2/concepts/normalize.ts;app/lib/intelligence/v2/governance/deduplicate.ts;app/lib/intelligence/v2/governance/entities.ts;app/lib/intelligence/v2/governance/evidence.ts;app/lib/intelligence/v2/governance/persistence.ts;app/lib/intelligence/v2/governance/temporal.ts;app/lib/intelligence/v2/lifecycle/compatibility.ts
app/lib/intelligence/v2/governance/persistence.ts,60,app/lib/intelligence/v2/governance/persistence.ts,retained; static dependency scan,60,app/lib/intelligence/v2/governance/govern-turn.ts,
app/lib/intelligence/v2/governance/temporal.ts,18,app/lib/intelligence/v2/governance/temporal.ts,retained; static dependency scan,18,app/lib/intelligence/v2/governance/govern-turn.ts,
app/lib/intelligence/v2/lifecycle/compatibility.ts,69,app/lib/intelligence/v2/lifecycle/compatibility.ts,retained; static dependency scan,69,app/lib/intelligence/v2/governance/govern-turn.ts,
app/lib/intelligence/v2/observability.ts,60,app/lib/intelligence/v2/observability.ts,retained; static dependency scan,60,app/lib/intelligence/semantic-observability.ts,
app/lib/intelligence/v2/projections/legacy-memory.ts,71,app/lib/intelligence/v2/projections/legacy-memory.ts,retained; static dependency scan,71,app/lib/intelligence/run-intelligence.ts,
app/lib/intelligence/v2/projections/rebuild.ts,290,app/lib/intelligence/v2/projections/rebuild.ts,retained; static dependency scan,290,app/lib/intelligence/history-retrieval.ts,
app/lib/intelligence/v2/types.ts,182,app/lib/intelligence/v2/types.ts,retained; static dependency scan,182,app/lib/intelligence/run-intelligence.ts;app/lib/intelligence/semantic-frame/recover-owner-preference.ts;app/lib/intelligence/semantic-observability.ts;app/lib/intelligence/v2/concepts/normalize.ts;app/lib/intelligence/v2/governance/deduplicate.ts;app/lib/intelligence/v2/governance/entities.ts;app/lib/intelligence/v2/governance/evidence.ts;app/lib/intelligence/v2/governance/govern-turn.ts;app/lib/intelligence/v2/governance/persistence.ts;app/lib/intelligence/v2/governance/temporal.ts;app/lib/intelligence/v2/lifecycle/compatibility.ts;app/lib/intelligence/v2/observability.ts;app/lib/intelligence/v2/projections/legacy-memory.ts;app/lib/intelligence/v2/projections/rebuild.ts,
app/lib/intelligence/validation/index.ts,1,app/lib/intelligence/validation/index.ts,retained; static dependency scan,1,app/lib/intelligence/run-intelligence.ts,app/lib/intelligence/validation/validate-answer.ts
app/lib/intelligence/validation/validate-answer.ts,305,app/lib/intelligence/validation/validate-answer.ts,retained; static dependency scan,305,app/lib/intelligence/validation/index.ts,app/lib/ai/ask-answer-economy.ts;app/lib/ai/ask-internal-product-policy.ts;app/lib/ai/safety-temporal-scope.ts;app/lib/application-actions/state-claims.ts;app/lib/ask-safety-context.ts;app/lib/furvise-output.ts;app/lib/intelligence/answer-assessment.ts;app/lib/intelligence/ask-evidence.ts;app/lib/intelligence/episode-contract.ts;app/lib/intelligence/history-obligations.ts;app/lib/intelligence/history-review-state.ts;app/lib/intelligence/memory-integrity.ts;app/lib/intelligence/source-note-recall.ts
app/lib/intelligence/vet-brief.ts,55,app/lib/intelligence/vet-brief.ts,retained; static dependency scan,55,app/lib/intelligence/feature-modes.ts;app/lib/intelligence/index.ts,app/lib/vet-brief/schema.ts
app/lib/local-pet-media.ts,46,app/lib/local-pet-media.ts,retained; static dependency scan,46,app/components/local-photo.tsx;app/lib/pet-delete-client-state.ts,
app/lib/navigation/app-data-freshness.ts,30,app/lib/navigation/app-data-freshness.ts,retained; static dependency scan,30,app/ask/page.tsx;app/components/care-log-workspace.tsx;app/components/history-archive.tsx;app/dogs/[id]/edit/page.tsx;app/dogs/[id]/memories/page.tsx;app/pets/[id]/page.tsx;app/pets/page.tsx;app/today/page.tsx,
app/lib/navigation/ask-composer-focus.tsx,22,app/lib/navigation/ask-composer-focus.tsx,retained; static dependency scan,22,app/ask/page.tsx;app/components/app-header.tsx;app/layout.tsx,
app/lib/navigation/ask-request-activity.ts,25,app/lib/navigation/ask-request-activity.ts,retained; static dependency scan,25,app/ask/page.tsx;app/components/app-header.tsx,
app/lib/navigation/mobile-navigation.ts,75,app/lib/navigation/mobile-navigation.ts,retained; static dependency scan,75,app/components/app-header.tsx;app/components/authenticated-app-chrome.tsx;app/components/homepage-client.tsx,
app/lib/navigation/use-mobile-liquid-glass.ts,413,app/lib/navigation/use-mobile-liquid-glass.ts,retained; static dependency scan,413,app/components/app-header.tsx,
app/lib/onboarding-drafts.ts,160,app/lib/onboarding-drafts.ts,retained; static dependency scan,160,app/lib/pet-delete-client-state.ts;app/lib/sign-out.ts;app/onboarding/onboarding-surface.tsx;app/onboarding/page.tsx;app/onboarding/weight-warning.ts,
app/lib/operations/admin-client.ts,9,app/lib/operations/admin-client.ts,retained; static dependency scan,9,app/api/account/delete/route.ts;app/api/account/entitlements/route.ts;app/api/account/export/route.ts;app/api/billing/checkout/route.ts;app/api/billing/portal/route.ts;app/api/billing/webhook/route.ts;app/api/pets/[id]/route.ts;app/api/readiness/route.ts;app/lib/intelligence/persist-learnings.ts;app/lib/security/password-capability-admin.ts,
app/lib/operations/events/index.ts,4,app/lib/operations/events/index.ts,retained; static dependency scan,3,app/api/account/delete/route.ts;app/api/account/export/route.ts;app/api/ask/actions/[messageId]/route.ts;app/api/ask/route.ts;app/api/billing/webhook/route.ts;app/api/readiness/route.ts;app/lib/ai/usage-guard/logging.ts;app/lib/security/auth-abuse/logging.ts;app/lib/security/idempotency/logging.ts;app/lib/security/rate-limit/logging.ts,app/lib/operations/events/logger.ts;app/lib/operations/events/redaction.ts;app/lib/operations/events/types.ts
app/lib/operations/events/logger.ts,62,app/lib/operations/events/logger.ts,retained; static dependency scan,62,app/api/account/change-password/route.ts;app/api/auth/update-password/route.ts;app/auth/callback/route.ts;app/lib/operations/events/index.ts,app/lib/operations/events/redaction.ts;app/lib/operations/events/types.ts
app/lib/operations/events/metrics.ts,3,app/lib/operations/events/types.ts,consolidated,27,app/lib/ai/usage-guard/classification.ts;app/lib/operations/events/index.ts;app/lib/operations/events/logger.ts,
app/lib/operations/events/redaction.ts,28,app/lib/operations/events/redaction.ts,retained; static dependency scan,28,app/lib/operations/events/index.ts;app/lib/operations/events/logger.ts,
app/lib/operations/events/types.ts,22,app/lib/operations/events/types.ts,consolidated,27,app/lib/ai/usage-guard/classification.ts;app/lib/operations/events/index.ts;app/lib/operations/events/logger.ts,
app/lib/operations/production-config.ts,18,app/lib/operations/production-config.ts,retained; static dependency scan,18,app/api/readiness/route.ts,
app/lib/operations/readiness.ts,71,app/lib/operations/readiness.ts,retained; static dependency scan,71,app/api/readiness/route.ts,
app/lib/operations/sentry-privacy.ts,116,app/lib/operations/sentry-privacy.ts,retained; static dependency scan,116,,
app/lib/operations/support-reference.ts,8,app/lib/operations/support-reference.ts,retained; static dependency scan,8,app/api/account/delete/route.ts;app/api/account/export/route.ts,
app/lib/operations/user-data-export.ts,42,app/lib/operations/user-data-export.ts,retained; static dependency scan,42,app/api/account/export/route.ts,
app/lib/password-capability.ts,46,app/lib/password-capability.ts,retained; static dependency scan,46,app/api/account/change-password/route.ts;app/api/auth/update-password/route.ts;app/settings/security/page.tsx,app/lib/auth-identity.ts
app/lib/pet-delete-client-state.ts,34,app/lib/pet-delete-client-state.ts,retained; static dependency scan,34,app/dogs/[id]/edit/page.tsx,app/lib/active-pet.ts;app/lib/ask-draft.ts;app/lib/local-pet-media.ts;app/lib/onboarding-drafts.ts;app/lib/supabase.ts;app/lib/vet-brief/client-drafts.ts
app/lib/pet-lifecycle.ts,27,app/lib/pet-lifecycle.ts,retained; static dependency scan,27,app/api/ask/route.ts;app/ask/page.tsx;app/components/care-log-workspace.tsx;app/components/homepage-client.tsx;app/lib/intelligence/retrieve-context.ts;app/today/page.tsx,
app/lib/pet-limit.ts,46,app/lib/pet-limit.ts,retained; static dependency scan,46,app/components/pet-limit-screen.tsx;app/onboarding/page.tsx,app/lib/billing/plan-limits.ts;app/lib/supabase.ts
app/lib/pet-memory.ts,1109,app/lib/pet-memory.ts,retained; static dependency scan,1109,app/api/ask/route.ts,app/lib/furvise-output.ts;app/lib/intelligence/memory-integrity.ts
app/lib/pet-profile-api-server.ts,58,app/lib/pet-profile-api-server.ts,retained; static dependency scan,58,app/api/pets/[id]/route.ts;app/api/pets/route.ts,app/lib/authenticated-api-server.ts;app/lib/pet-profile-editing.ts;app/lib/petwise;app/lib/security/idempotency/index.ts;app/lib/security/request.ts
app/lib/pet-profile-draft.ts,22,app/lib/pet-profile-editing.ts,consolidated,108,app/dogs/[id]/edit/page.tsx;app/lib/pet-profile-api-server.ts;app/onboarding/page.tsx,app/lib/petwise;app/lib/petwise.ts
app/lib/pet-profile-file.ts,63,app/lib/pet-profile-file.ts,retained; static dependency scan,63,app/pets/[id]/page.tsx,app/lib/petwise
app/lib/pet-profile-save-validation.ts,23,app/lib/pet-profile-editing.ts,consolidated,108,app/dogs/[id]/edit/page.tsx;app/lib/pet-profile-api-server.ts;app/onboarding/page.tsx,app/lib/petwise;app/lib/petwise.ts
app/lib/pets-directory.ts,26,app/lib/pets-directory.ts,retained; static dependency scan,26,app/pets/[id]/page.tsx;app/pets/page.tsx,app/lib/petwise
app/lib/petwise.ts,295,app/lib/petwise.ts,retained; static dependency scan,295,app/lib/pet-profile-editing.ts,
app/lib/remembered-details.ts,249,app/lib/remembered-details.ts,retained; static dependency scan,249,app/dogs/[id]/memories/page.tsx,app/lib/intelligence/memory-freshness.ts;app/lib/intelligence/memory-integrity.ts;app/lib/intelligence/preference-semantics.ts
app/lib/safety-copy.ts,5,app/lib/furvise-output.ts,consolidated,435,app/api/ask/route.ts;app/ask/page.tsx;app/components/ask-answer-text.tsx;app/lib/ai/ask-command-router.ts;app/lib/ai/ask-reasoning.ts;app/lib/application-actions/state-claims.ts;app/lib/ask-publication.ts;app/lib/ask.mjs;app/lib/billing/plan-limits.ts;app/lib/furvise-voice.ts;app/lib/intelligence/historical-read-response.ts;app/lib/intelligence/history-narrative-facts.ts;app/lib/intelligence/history-narrative.ts;app/lib/intelligence/review-history-narrative.ts;app/lib/intelligence/structured-history-json.ts;app/lib/intelligence/validation/validate-answer.ts;app/lib/pet-memory.ts,
app/lib/security/account-password-change.mjs,54,app/lib/security/account-password-change.mjs,retained; static dependency scan,54,app/api/account/change-password/route.ts,
app/lib/security/auth-abuse/captcha.ts,33,app/lib/security/auth-abuse/captcha.ts,retained; static dependency scan,33,app/lib/security/auth-abuse/index.ts,app/lib/security/auth-abuse/config.ts;app/lib/security/auth-abuse/login-captcha.ts
app/lib/security/auth-abuse/config.ts,24,app/lib/security/auth-abuse/config.ts,retained; static dependency scan,24,app/lib/security/auth-abuse/captcha.ts;app/lib/security/auth-abuse/index.ts;app/lib/security/auth-abuse/limiter.ts;app/lib/security/auth-abuse/recovery-authorization.ts;app/lib/security/auth-abuse/recovery-continuation.ts;app/lib/security/auth-abuse/recovery-handoff.ts,app/lib/security/rate-limit/config.ts
app/lib/security/auth-abuse/email.ts,13,app/lib/security/auth-abuse/email.ts,retained; static dependency scan,13,app/lib/security/auth-abuse/index.ts,
app/lib/security/auth-abuse/index.ts,11,app/lib/security/auth-abuse/index.ts,retained; static dependency scan,11,app/api/account/change-password/route.ts;app/api/auth/account-route/route.ts;app/api/auth/login-otp/start/route.ts;app/api/auth/login/route.ts;app/api/auth/oauth/route.ts;app/api/auth/recovery/continue/route.ts;app/api/auth/recovery/route.ts;app/api/auth/resend/route.ts;app/api/auth/signup/route.ts;app/api/auth/update-password/route.ts;app/api/auth/verify-email-otp/route.ts,app/lib/security/auth-abuse/captcha.ts;app/lib/security/auth-abuse/config.ts;app/lib/security/auth-abuse/email.ts;app/lib/security/auth-abuse/limiter.ts;app/lib/security/auth-abuse/logging.ts;app/lib/security/auth-abuse/memory-test-store.ts;app/lib/security/auth-abuse/origin.ts;app/lib/security/auth-abuse/password.ts;app/lib/security/auth-abuse/responses.ts;app/lib/security/auth-abuse/turnstile-siteverify.ts
app/lib/security/auth-abuse/keys.ts,33,app/lib/security/auth-abuse/keys.ts,retained; static dependency scan,33,app/lib/security/auth-abuse/limiter.ts,
app/lib/security/auth-abuse/limiter.ts,104,app/lib/security/auth-abuse/limiter.ts,retained; static dependency scan,104,app/lib/security/auth-abuse/index.ts,app/lib/security/auth-abuse/config.ts;app/lib/security/auth-abuse/keys.ts;app/lib/security/auth-abuse/logging.ts;app/lib/security/auth-abuse/redis-store.ts;app/lib/security/rate-limit/index.ts
app/lib/security/auth-abuse/logging.ts,30,app/lib/security/auth-abuse/logging.ts,retained; static dependency scan,30,app/lib/security/auth-abuse/index.ts;app/lib/security/auth-abuse/limiter.ts,app/lib/operations/events/index.ts
app/lib/security/auth-abuse/login-captcha.ts,22,app/lib/security/auth-abuse/login-captcha.ts,retained; static dependency scan,22,app/lib/security/auth-abuse/captcha.ts,
app/lib/security/auth-abuse/memory-recovery-authorization-store.ts,46,app/lib/security/auth-abuse/memory-recovery-authorization-store.ts,retained; static dependency scan,46,,
app/lib/security/auth-abuse/memory-recovery-handoff-store.ts,29,app/lib/security/auth-abuse/memory-recovery-handoff-store.ts,retained; static dependency scan,29,,
app/lib/security/auth-abuse/memory-test-store.ts,24,app/lib/security/auth-abuse/memory-test-store.ts,retained; static dependency scan,24,app/lib/security/auth-abuse/index.ts,
app/lib/security/auth-abuse/origin.ts,19,app/lib/security/auth-abuse/origin.ts,retained; static dependency scan,19,app/lib/security/auth-abuse/index.ts,app/lib/security/headers/origin-policy.ts
app/lib/security/auth-abuse/password.ts,10,app/lib/security/auth-abuse/password.ts,retained; static dependency scan,10,app/lib/security/auth-abuse/index.ts,
app/lib/security/auth-abuse/recovery-authorization-types.ts,9,app/lib/security/auth-abuse/recovery-authorization-types.ts,retained; static dependency scan,9,app/lib/security/auth-abuse/memory-recovery-authorization-store.ts;app/lib/security/auth-abuse/recovery-authorization.ts,
app/lib/security/auth-abuse/recovery-authorization.ts,162,app/lib/security/auth-abuse/recovery-authorization.ts,retained; static dependency scan,162,app/api/auth/update-password/route.ts;app/auth/callback/route.ts,app/lib/security/auth-abuse/config.ts;app/lib/security/auth-abuse/recovery-secrets.mjs
app/lib/security/auth-abuse/recovery-callback.mjs,13,app/lib/security/auth-abuse/recovery-callback.mjs,retained; static dependency scan,13,app/auth/callback/route.ts,
app/lib/security/auth-abuse/recovery-completion.mjs,21,app/lib/security/auth-abuse/recovery-completion.mjs,retained; static dependency scan,21,app/api/auth/update-password/route.ts,
app/lib/security/auth-abuse/recovery-confirmation.mjs,53,app/lib/security/auth-abuse/recovery-confirmation.mjs,retained; static dependency scan,53,app/api/auth/recovery/continue/route.ts;app/lib/security/auth-abuse/recovery-continuation.ts,app/lib/security/auth-abuse/recovery-secrets.mjs
app/lib/security/auth-abuse/recovery-continuation.ts,46,app/lib/security/auth-abuse/recovery-continuation.ts,retained; static dependency scan,46,app/api/auth/recovery/continue/route.ts,app/lib/security/auth-abuse/config.ts;app/lib/security/auth-abuse/recovery-confirmation.mjs;app/lib/security/auth-abuse/recovery-secrets.mjs;app/lib/security/auth-abuse/redis-store.ts
app/lib/security/auth-abuse/recovery-fragment.mjs,47,app/lib/security/auth-abuse/recovery-fragment.mjs,retained; static dependency scan,47,app/api/auth/recovery/continue/route.ts;app/reset-password/confirm/page.tsx,
app/lib/security/auth-abuse/recovery-handoff-core.mjs,28,app/lib/security/auth-abuse/recovery-handoff-core.mjs,retained; static dependency scan,28,app/lib/security/auth-abuse/recovery-handoff.ts,app/lib/security/auth-abuse/recovery-secrets.mjs
app/lib/security/auth-abuse/recovery-handoff-types.ts,4,app/lib/security/auth-abuse/recovery-handoff-types.ts,retained; static dependency scan,4,app/lib/security/auth-abuse/memory-recovery-handoff-store.ts;app/lib/security/auth-abuse/recovery-handoff.ts,
app/lib/security/auth-abuse/recovery-handoff.ts,81,app/lib/security/auth-abuse/recovery-handoff.ts,retained; static dependency scan,81,app/api/auth/recovery/continue/route.ts;app/api/auth/update-password/route.ts;app/auth/callback/route.ts,app/lib/security/auth-abuse/config.ts;app/lib/security/auth-abuse/recovery-handoff-core.mjs
app/lib/security/auth-abuse/recovery-secrets.mjs,32,app/lib/security/auth-abuse/recovery-secrets.mjs,retained; static dependency scan,32,app/lib/security/auth-abuse/recovery-authorization.ts;app/lib/security/auth-abuse/recovery-confirmation.mjs;app/lib/security/auth-abuse/recovery-continuation.ts;app/lib/security/auth-abuse/recovery-handoff-core.mjs,
app/lib/security/auth-abuse/recovery-session-cleanup.mjs,16,app/lib/security/auth-abuse/recovery-session-cleanup.mjs,retained; static dependency scan,16,app/api/auth/update-password/route.ts,
app/lib/security/auth-abuse/redis-store.ts,54,app/lib/security/auth-abuse/redis-store.ts,retained; static dependency scan,54,app/lib/security/auth-abuse/limiter.ts;app/lib/security/auth-abuse/recovery-continuation.ts,
app/lib/security/auth-abuse/responses.ts,28,app/lib/security/auth-abuse/responses.ts,retained; static dependency scan,28,app/lib/security/auth-abuse/index.ts,app/lib/security/private-routes.ts
app/lib/security/auth-abuse/turnstile-siteverify.ts,47,app/lib/security/auth-abuse/turnstile-siteverify.ts,retained; static dependency scan,47,app/lib/security/auth-abuse/index.ts,
app/lib/security/auth-abuse/types.ts,12,app/lib/security/auth-abuse/types.ts,retained; static dependency scan,12,app/lib/security/auth-abuse/index.ts;app/lib/security/auth-abuse/keys.ts;app/lib/security/auth-abuse/limiter.ts;app/lib/security/auth-abuse/logging.ts;app/lib/security/auth-abuse/memory-test-store.ts;app/lib/security/auth-abuse/recovery-continuation.ts;app/lib/security/auth-abuse/redis-store.ts,
app/lib/security/bounded-raw-body.ts,40,app/lib/security/bounded-raw-body.ts,retained; static dependency scan,40,app/api/billing/webhook/route.ts,
app/lib/security/headers/content-security-policy.ts,95,app/lib/security/headers/content-security-policy.ts,retained; static dependency scan,95,app/lib/security/headers/origin-policy.ts;app/lib/security/headers/security-headers.ts,
app/lib/security/headers/origin-policy.ts,171,app/lib/security/headers/origin-policy.ts,retained; static dependency scan,171,app/api/account/detect-country/route.ts;app/api/ask/route.ts;app/api/ask/suggestions/[id]/route.ts;app/api/billing/checkout/route.ts;app/api/billing/portal/route.ts;app/api/memories/[id]/route.ts;app/lib/ask-conversation-server.ts;app/lib/authenticated-api-server.ts;app/lib/security/auth-abuse/origin.ts;app/lib/vet-brief/server.ts,app/lib/security/headers/content-security-policy.ts;app/lib/security/private-routes.ts
app/lib/security/headers/security-headers.ts,36,app/lib/security/headers/security-headers.ts,retained; static dependency scan,36,,app/lib/security/headers/content-security-policy.ts
app/lib/security/idempotency/admin-client.ts,12,app/lib/security/idempotency/admin-client.ts,retained; static dependency scan,12,app/lib/application-actions/capabilities.ts;app/lib/ask-conversation-server.ts;app/lib/security/idempotency/store.ts,
app/lib/security/idempotency/claim-recovery.ts,20,app/lib/security/idempotency/claim-recovery.ts,retained; static dependency scan,20,app/lib/security/idempotency/store.ts,
app/lib/security/idempotency/client.ts,51,app/lib/security/idempotency/client.ts,retained; static dependency scan,51,app/ask/page.tsx;app/dogs/[id]/edit/page.tsx;app/dogs/[id]/memories/page.tsx;app/forgot-password/password-email-form.tsx;app/lib/supabase.ts;app/login/page.tsx;app/membership/page.tsx;app/settings/data-privacy/page.tsx;app/vet-brief/page.tsx,
app/lib/security/idempotency/errors.ts,24,app/lib/security/idempotency/errors.ts,retained; static dependency scan,24,app/lib/security/idempotency/index.ts;app/lib/security/idempotency/operation.ts,
app/lib/security/idempotency/index.ts,5,app/lib/security/idempotency/index.ts,retained; static dependency scan,5,app/api/account/change-password/route.ts;app/api/account/detect-country/route.ts;app/api/account/export/route.ts;app/api/account/product-country/route.ts;app/api/ask/conversations/[id]/messages/route.ts;app/api/ask/conversations/[id]/route.ts;app/api/ask/conversations/route.ts;app/api/ask/route.ts;app/api/ask/suggestions/[id]/route.ts;app/api/auth/update-password/route.ts;app/api/billing/checkout/route.ts;app/api/billing/portal/route.ts;app/api/care-entries/[id]/route.ts;app/api/care-entries/route.ts;app/api/legacy-memories/route.ts;app/api/memories/[id]/route.ts;app/api/pets/[id]/route.ts;app/api/product-feedback/route.ts;app/api/vet-briefs/draft/route.ts;app/api/vet-briefs/route.ts;app/lib/pet-profile-api-server.ts,app/lib/security/idempotency/errors.ts;app/lib/security/idempotency/operation.ts;app/lib/security/idempotency/payload-hash.ts;app/lib/security/idempotency/request-key.ts
app/lib/security/idempotency/logging.ts,17,app/lib/security/idempotency/logging.ts,retained; static dependency scan,17,app/lib/security/idempotency/operation.ts,app/lib/operations/events/index.ts
app/lib/security/idempotency/operation.ts,99,app/lib/security/idempotency/operation.ts,retained; static dependency scan,99,app/lib/security/idempotency/index.ts,app/lib/security/idempotency/errors.ts;app/lib/security/idempotency/logging.ts;app/lib/security/idempotency/payload-hash.ts;app/lib/security/idempotency/request-key.ts;app/lib/security/idempotency/store.ts;app/lib/security/rate-limit/index.ts
app/lib/security/idempotency/payload-hash.ts,17,app/lib/security/idempotency/payload-hash.ts,retained; static dependency scan,17,app/lib/security/idempotency/index.ts;app/lib/security/idempotency/operation.ts,
app/lib/security/idempotency/request-key.ts,26,app/lib/security/idempotency/request-key.ts,retained; static dependency scan,26,app/api/account/delete/route.ts;app/api/auth/login-otp/start/route.ts;app/api/auth/recovery/route.ts;app/api/auth/resend/route.ts;app/api/auth/signup/route.ts;app/lib/security/idempotency/index.ts;app/lib/security/idempotency/operation.ts,
app/lib/security/idempotency/store.ts,54,app/lib/security/idempotency/store.ts,retained; static dependency scan,54,app/lib/security/idempotency/operation.ts,app/lib/security/idempotency/admin-client.ts;app/lib/security/idempotency/claim-recovery.ts
app/lib/security/idempotency/types.ts,44,app/lib/security/idempotency/types.ts,retained; static dependency scan,44,app/lib/security/idempotency/index.ts;app/lib/security/idempotency/operation.ts;app/lib/security/idempotency/store.ts,
app/lib/security/logging.ts,31,app/lib/security/logging.ts,retained; static dependency scan,31,app/api/ask/suggestions/[id]/route.ts;app/api/memories/[id]/route.ts;app/lib/intelligence/logging.ts,
app/lib/security/password-capability-admin.ts,11,app/lib/security/password-capability-admin.ts,retained; static dependency scan,11,app/api/auth/update-password/route.ts,app/lib/operations/admin-client.ts
app/lib/security/private-routes.ts,37,app/lib/security/private-routes.ts,retained; static dependency scan,37,app/api/account/entitlements/route.ts;app/api/auth/recovery/continue/route.ts;app/api/billing/checkout/route.ts;app/api/billing/portal/route.ts;app/api/pets/[id]/route.ts;app/auth/callback/route.ts;app/lib/ai/usage-guard/errors.ts;app/lib/security/auth-abuse/responses.ts;app/lib/security/headers/origin-policy.ts;app/lib/security/rate-limit/errors.ts;app/lib/supabase/proxy.ts,
app/lib/security/rate-limit/concurrency.ts,64,app/lib/security/rate-limit/concurrency.ts,retained; static dependency scan,64,app/lib/security/rate-limit/index.ts,app/lib/security/rate-limit/config.ts;app/lib/security/rate-limit/keys.ts;app/lib/security/rate-limit/logging.ts;app/lib/security/rate-limit/rate-limit.ts
app/lib/security/rate-limit/config.ts,129,app/lib/security/rate-limit/config.ts,retained; static dependency scan,129,app/lib/ai/usage-guard/admission.ts;app/lib/ai/usage-guard/daily-usage-store.ts;app/lib/security/auth-abuse/config.ts;app/lib/security/rate-limit/concurrency.ts;app/lib/security/rate-limit/index.ts;app/lib/security/rate-limit/rate-limit.ts,
app/lib/security/rate-limit/errors.ts,37,app/lib/security/rate-limit/errors.ts,retained; static dependency scan,37,app/lib/security/rate-limit/index.ts,app/lib/security/private-routes.ts
app/lib/security/rate-limit/index.ts,78,app/lib/security/rate-limit/index.ts,retained; static dependency scan,78,app/api/account/change-password/route.ts;app/api/account/delete/route.ts;app/api/ask/route.ts;app/api/auth/account-route/route.ts;app/api/auth/update-password/route.ts;app/api/vet-briefs/draft/route.ts;app/lib/security/auth-abuse/limiter.ts;app/lib/security/auth-abuse/types.ts;app/lib/security/idempotency/operation.ts,app/lib/security/rate-limit/concurrency.ts;app/lib/security/rate-limit/config.ts;app/lib/security/rate-limit/errors.ts;app/lib/security/rate-limit/keys.ts;app/lib/security/rate-limit/memory-test-adapter.ts;app/lib/security/rate-limit/rate-limit.ts
app/lib/security/rate-limit/keys.ts,80,app/lib/security/rate-limit/keys.ts,retained; static dependency scan,80,app/lib/ai/usage-guard/admission.ts;app/lib/security/rate-limit/concurrency.ts;app/lib/security/rate-limit/index.ts;app/lib/security/rate-limit/rate-limit.ts,
app/lib/security/rate-limit/logging.ts,36,app/lib/security/rate-limit/logging.ts,retained; static dependency scan,36,app/lib/security/rate-limit/concurrency.ts;app/lib/security/rate-limit/rate-limit.ts,app/lib/operations/events/index.ts
app/lib/security/rate-limit/memory-test-adapter.ts,53,app/lib/security/rate-limit/memory-test-adapter.ts,retained; static dependency scan,53,app/lib/security/rate-limit/index.ts,
app/lib/security/rate-limit/rate-limit.ts,140,app/lib/security/rate-limit/rate-limit.ts,retained; static dependency scan,140,app/lib/security/rate-limit/concurrency.ts;app/lib/security/rate-limit/index.ts,app/lib/security/rate-limit/config.ts;app/lib/security/rate-limit/keys.ts;app/lib/security/rate-limit/logging.ts;app/lib/security/rate-limit/redis-adapter.ts
app/lib/security/rate-limit/redis-adapter.ts,78,app/lib/security/rate-limit/redis-adapter.ts,retained; static dependency scan,78,app/lib/security/rate-limit/rate-limit.ts,
app/lib/security/rate-limit/types.ts,87,app/lib/security/rate-limit/types.ts,retained; static dependency scan,87,app/lib/security/rate-limit/concurrency.ts;app/lib/security/rate-limit/config.ts;app/lib/security/rate-limit/index.ts;app/lib/security/rate-limit/keys.ts;app/lib/security/rate-limit/logging.ts;app/lib/security/rate-limit/memory-test-adapter.ts;app/lib/security/rate-limit/rate-limit.ts;app/lib/security/rate-limit/redis-adapter.ts,
app/lib/security/recent-auth.ts,34,app/lib/security/recent-auth.ts,retained; static dependency scan,34,app/api/account/delete/route.ts;app/api/account/export/route.ts;app/api/pets/[id]/route.ts,app/lib/security/recent-interactive-auth.mjs
app/lib/security/recent-interactive-auth.mjs,57,app/lib/security/recent-interactive-auth.mjs,retained; static dependency scan,57,app/lib/security/recent-auth.ts,
app/lib/security/request.ts,63,app/lib/security/request.ts,retained; static dependency scan,63,app/api/account/change-password/route.ts;app/api/account/delete/route.ts;app/api/account/product-country/route.ts;app/api/ask/actions/[messageId]/route.ts;app/api/ask/conversations/[id]/messages/route.ts;app/api/ask/conversations/[id]/route.ts;app/api/ask/conversations/route.ts;app/api/ask/route.ts;app/api/ask/suggestions/[id]/route.ts;app/api/auth/account-route/route.ts;app/api/auth/login-otp/start/route.ts;app/api/auth/login/route.ts;app/api/auth/oauth/route.ts;app/api/auth/recovery/route.ts;app/api/auth/resend/route.ts;app/api/auth/signup/route.ts;app/api/auth/update-password/route.ts;app/api/auth/verify-email-otp/route.ts;app/api/care-entries/[id]/route.ts;app/api/legacy-memories/route.ts;app/api/memories/[id]/route.ts;app/api/pets/[id]/route.ts;app/api/product-feedback/route.ts;app/api/vet-briefs/[id]/pdf/route.ts;app/api/vet-briefs/[id]/route.ts;app/api/vet-briefs/draft/route.ts;app/api/vet-briefs/route.ts;app/lib/care-entry-api-server.ts;app/lib/pet-profile-api-server.ts,
app/lib/seo.ts,86,app/lib/seo.ts,retained; static dependency scan,86,app/account/layout.tsx;app/ask/layout.tsx;app/care-log/layout.tsx;app/dashboard/layout.tsx;app/dogs/layout.tsx;app/forgot-password/layout.tsx;app/history/layout.tsx;app/layout.tsx;app/login/layout.tsx;app/membership/layout.tsx;app/onboarding/layout.tsx;app/page.tsx;app/pets/layout.tsx;app/privacy/page.tsx;app/reset-password/confirm/layout.tsx;app/results/layout.tsx;app/robots.ts;app/settings/layout.tsx;app/shop/layout.tsx;app/sitemap.ts;app/terms/page.tsx;app/today/layout.tsx;app/update-password/layout.tsx;app/vet-brief/layout.tsx;app/vet-briefs/layout.tsx,
app/lib/sign-out.ts,22,app/lib/sign-out.ts,retained; static dependency scan,22,app/components/account-utility.tsx,app/lib/active-pet.ts;app/lib/ask-conversations.ts;app/lib/onboarding-drafts.ts;app/lib/supabase.ts;app/lib/vet-brief/client-drafts.ts
app/lib/supabase.ts,1271,app/lib/supabase.ts,retained; static dependency scan,1271,app/api/account/detect-country/route.ts;app/api/account/product-country/route.ts;app/api/ask/route.ts;app/api/care-entries/[id]/route.ts;app/api/care-entries/route.ts;app/api/legacy-memories/route.ts;app/api/product-feedback/route.ts;app/api/vet-briefs/draft/route.ts;app/api/vet-briefs/route.ts;app/ask/page.tsx;app/components/account-utility.tsx;app/components/app-header.tsx;app/components/care-entry-form.tsx;app/components/care-log-workspace.tsx;app/components/care-timeline.tsx;app/components/history-archive.tsx;app/components/homepage-client.tsx;app/components/signed-in-header.tsx;app/dogs/[id]/edit/page.tsx;app/dogs/[id]/feedback/page.tsx;app/dogs/[id]/memories/page.tsx;app/forgot-password/password-email-form.tsx;app/lib/ai/ask-reasoning.ts;app/lib/ai/concern-engine.ts;app/lib/ai/context-builder.ts;app/lib/ask-safety-context.ts;app/lib/auth-session.ts;app/lib/care-entry-api-server.ts;app/lib/effective-history.ts;app/lib/intelligence/build-context.ts;app/lib/intelligence/care-history-policy.ts;app/lib/intelligence/concern-chronology.ts;app/lib/intelligence/dated-correction-notes.ts;app/lib/intelligence/entity-matching.ts;app/lib/intelligence/episode-membership.ts;app/lib/intelligence/history-retrieval.ts;app/lib/intelligence/memory-sources.ts;app/lib/intelligence/persist-learnings.ts;app/lib/intelligence/retrieve-context.ts;app/lib/intelligence/types.ts;app/lib/pet-delete-client-state.ts;app/lib/pet-limit.ts;app/lib/pet-memory.ts;app/lib/pet-profile-api-server.ts;app/lib/pet-profile-file.ts;app/lib/remembered-details.ts;app/lib/sign-out.ts;app/lib/today.ts;app/lib/vet-brief/builder.ts;app/login/page.tsx;app/membership/page.tsx;app/onboarding/page.tsx;app/pets/[id]/page.tsx;app/pets/page.tsx;app/settings/data-privacy/page.tsx;app/settings/security/page.tsx;app/today/page.tsx;app/update-password/page.tsx;app/vet-brief/page.tsx;app/vet-briefs/[id]/print/page.tsx,app/lib/account-country;app/lib/care-log.mjs;app/lib/effective-history.ts;app/lib/history-archive.ts;app/lib/petwise;app/lib/security/idempotency/client.ts
app/lib/supabase/account-route-admin.ts,38,app/lib/supabase/account-route-admin.ts,retained; static dependency scan,38,app/api/auth/account-route/route.ts,
app/lib/supabase/proxy.ts,126,app/lib/supabase/proxy.ts,retained; static dependency scan,126,,app/lib/security/private-routes.ts
app/lib/supabase/server.ts,42,app/lib/supabase/server.ts,retained; static dependency scan,42,app/api/account/change-password/route.ts;app/api/auth/login-otp/start/route.ts;app/api/auth/login/route.ts;app/api/auth/oauth/route.ts;app/api/auth/recovery/route.ts;app/api/auth/resend/route.ts;app/api/auth/signup/route.ts;app/api/auth/update-password/route.ts;app/api/auth/verify-email-otp/route.ts;app/auth/callback/route.ts;app/components/private-route-layout.tsx;app/forgot-password/page.tsx;app/lib/authenticated-api-server.ts,
app/lib/today.ts,341,app/lib/today.ts,retained; static dependency scan,341,app/today/page.tsx,app/lib/intelligence/care-history-policy.ts;app/lib/petwise
app/lib/turnstile-explicit-execution.ts,13,app/lib/turnstile-explicit-execution.ts,retained; static dependency scan,13,app/components/turnstile-challenge.tsx,
app/lib/vendor/liquidglass/index.d.ts,34,app/lib/vendor/liquidglass/index.d.ts,retained; static dependency scan,34,,
app/lib/vendor/liquidglass/index.js,2861,app/lib/vendor/liquidglass/index.js,retained; static dependency scan,2861,,
app/lib/vet-brief/builder.ts,253,app/lib/vet-brief/builder.ts,retained; static dependency scan,253,app/api/vet-briefs/draft/route.ts,app/lib/intelligence/care-history-policy.ts;app/lib/petwise;app/lib/vet-brief/schema.ts;app/lib/vet-brief/types.ts
app/lib/vet-brief/client-drafts.ts,106,app/lib/vet-brief/client-drafts.ts,retained; static dependency scan,106,app/lib/auth-session.ts;app/lib/pet-delete-client-state.ts;app/lib/sign-out.ts;app/vet-brief/page.tsx,app/lib/vet-brief/schema.ts
app/lib/vet-brief/pdf-theme.ts,10,app/lib/vet-brief/pdf.ts,consolidated,201,app/api/vet-briefs/[id]/pdf/route.ts,
app/lib/vet-brief/pdf.ts,192,app/lib/vet-brief/pdf.ts,consolidated,201,app/api/vet-briefs/[id]/pdf/route.ts,
app/lib/vet-brief/schema.ts,164,app/lib/vet-brief/schema.ts,retained; static dependency scan,164,app/api/vet-briefs/[id]/pdf/route.ts;app/api/vet-briefs/draft/route.ts;app/api/vet-briefs/route.ts;app/lib/intelligence/vet-brief.ts;app/lib/vet-brief/builder.ts;app/lib/vet-brief/client-drafts.ts;app/lib/vet-brief/server.ts;app/vet-brief/page.tsx,app/lib/vet-brief/types.ts
app/lib/vet-brief/server.ts,70,app/lib/vet-brief/server.ts,retained; static dependency scan,70,app/api/vet-briefs/[id]/pdf/route.ts;app/api/vet-briefs/[id]/route.ts;app/api/vet-briefs/draft/route.ts;app/api/vet-briefs/route.ts,app/lib/billing/entitlements.ts;app/lib/security/headers/origin-policy.ts;app/lib/vet-brief/schema.ts
app/lib/vet-brief/types.ts,74,app/lib/vet-brief/types.ts,retained; static dependency scan,74,app/api/vet-briefs/draft/route.ts;app/components/vet-brief-document.tsx;app/lib/intelligence/vet-brief.ts;app/lib/vet-brief/builder.ts;app/lib/vet-brief/client-drafts.ts;app/lib/vet-brief/pdf.ts;app/lib/vet-brief/schema.ts;app/vet-brief/page.tsx;app/vet-briefs/[id]/print/page.tsx,
app/lib/visual-system.ts,27,app/lib/visual-system.ts,retained; static dependency scan,27,app/components/product-primitives.tsx,
